fecha,Temperatura,Radiacion
2020-01-01,5.65,2.5531
2020-01-02,4.5,2.507
2020-01-03,2.87,1.6529
2020-01-04,3.85,2.5817
2020-01-05,4.6,2.7509
2020-01-06,4.96,2.5625
2020-01-07,4.5,2.6762
2020-01-08,6.54,2.6102
2020-01-09,5.08,2.58
2020-01-10,3.3,2.6782
2020-01-11,2.92,2.8579
2020-01-12,2.85,2.9172
2020-01-13,0.73,2.3446
2020-01-14,0.51,2.6407
2020-01-15,3.81,0.9718
2020-01-16,5.11,1.5134
2020-01-17,5.8,1.997
2020-01-18,4.71,1.1155
2020-01-19,3.7,1.74
2020-01-20,1.0,1.385
2020-01-21,2.98,1.1765
2020-01-22,4.13,1.6469
2020-01-23,3.46,1.9404
2020-01-24,4.85,1.1359
2020-01-25,5.87,1.2754
2020-01-26,4.06,2.3923
2020-01-27,3.86,1.4047
2020-01-28,8.0,1.3078
2020-01-29,8.42,1.8624
2020-01-30,7.68,1.519
2020-01-31,8.48,1.9843
2020-02-01,10.85,2.3906
2020-02-02,8.64,1.6474
2020-02-03,10.17,3.1303
2020-02-04,9.06,3.462
2020-02-05,5.5,3.6226
2020-02-06,5.97,3.0821
2020-02-07,6.87,3.1001
2020-02-08,6.47,1.5358
2020-02-09,5.77,1.6164
2020-02-10,8.22,2.6669
2020-02-11,8.45,2.0626
2020-02-12,8.67,1.8809
2020-02-13,9.05,1.9303
2020-02-14,8.01,2.9906
2020-02-15,8.46,3.9449
2020-02-16,8.21,3.8899
2020-02-17,6.88,1.5545
2020-02-18,6.64,3.035
2020-02-19,6.93,4.4054
2020-02-20,8.06,4.4731
2020-02-21,8.64,4.5552
2020-02-22,10.06,4.5931
2020-02-23,10.53,4.6243
2020-02-24,10.45,4.6687
2020-02-25,8.49,3.2052
2020-02-26,6.89,4.6085
2020-02-27,7.23,4.3634
2020-02-28,8.56,4.1045
2020-02-29,7.45,2.3609
2020-03-01,8.15,2.3074
2020-03-02,7.93,3.3094
2020-03-03,7.38,2.5591
2020-03-04,10.38,3.4481
2020-03-05,9.09,2.9789
2020-03-06,5.43,3.3866
2020-03-07,6.34,4.1374
2020-03-08,7.32,3.967
2020-03-09,8.43,4.8394
2020-03-10,11.35,4.7016
2020-03-11,15.07,5.1967
2020-03-12,15.88,4.1213
2020-03-13,14.11,4.8029
2020-03-14,12.96,5.4686
2020-03-15,11.41,4.249
2020-03-16,5.58,2.3218
2020-03-17,8.81,2.9239
2020-03-18,11.21,3.3031
2020-03-19,10.0,4.3502
2020-03-20,9.21,1.8029
2020-03-21,6.96,1.3661
2020-03-22,6.88,3.0485
2020-03-23,8.52,3.3394
2020-03-24,9.22,3.6674
2020-03-25,8.3,5.6069
2020-03-26,6.25,6.2837
2020-03-27,4.53,4.5991
2020-03-28,7.29,6.2688
2020-03-29,9.96,5.8171
2020-03-30,4.21,2.4581
2020-03-31,3.96,1.8394
2020-04-01,8.61,3.6797
2020-04-02,8.29,4.615
2020-04-03,8.46,6.8167
2020-04-04,9.62,6.3106
2020-04-05,11.71,4.9116
2020-04-06,11.77,3.3362
2020-04-07,12.67,3.4598
2020-04-08,14.04,5.4379
2020-04-09,12.24,2.6503
2020-04-10,11.84,2.3112
2020-04-11,12.4,4.1042
2020-04-12,12.33,6.3994
2020-04-13,11.5,4.5586
2020-04-14,11.43,3.4399
2020-04-15,10.88,3.3113
2020-04-16,11.47,3.0787
2020-04-17,11.95,4.3207
2020-04-18,12.87,4.7602
2020-04-19,10.97,3.983
2020-04-20,10.52,5.7166
2020-04-21,9.44,2.7166
2020-04-22,12.1,4.7386
2020-04-23,13.42,3.5928
2020-04-24,13.67,6.1694
2020-04-25,13.56,5.9117
2020-04-26,12.94,5.1917
2020-04-27,10.15,4.5182
2020-04-28,10.48,5.1938
2020-04-29,11.17,6.6523
2020-04-30,12.66,5.3758
2020-05-01,15.18,4.7539
2020-05-02,16.95,7.0006
2020-05-03,19.32,7.5281
2020-05-04,18.97,5.3472
2020-05-05,15.19,7.025
2020-05-06,16.01,7.5439
2020-05-07,16.44,4.9692
2020-05-08,17.87,7.373
2020-05-09,15.7,6.1241
2020-05-10,12.63,6.0278
2020-05-11,12.76,5.5279
2020-05-12,10.07,2.0714
2020-05-13,12.64,4.3531
2020-05-14,10.82,3.1721
2020-05-15,12.47,4.0807
2020-05-16,13.33,5.2798
2020-05-17,13.51,7.7712
2020-05-18,16.5,8.431
2020-05-19,17.99,8.3146
2020-05-20,19.67,8.4967
2020-05-21,21.02,8.2922
2020-05-22,22.28,8.1238
2020-05-23,22.68,7.8698
2020-05-24,20.41,7.3601
2020-05-25,20.54,6.4577
2020-05-26,18.78,5.7982
2020-05-27,20.4,8.107
2020-05-28,19.63,8.4007
2020-05-29,21.16,8.3635
2020-05-30,23.14,8.0654
2020-05-31,20.25,5.7617
2020-06-01,20.85,7.2936
2020-06-02,21.4,6.571
2020-06-03,20.3,7.2504
2020-06-04,16.28,5.9251
2020-06-05,18.2,8.6542
2020-06-06,19.33,7.8626
2020-06-07,17.11,6.354
2020-06-08,14.69,7.5089
2020-06-09,14.85,8.1506
2020-06-10,16.34,7.1479
2020-06-11,17.12,6.4553
2020-06-12,13.53,5.7065
2020-06-13,15.49,7.069
2020-06-14,17.74,7.6469
2020-06-15,18.36,7.4726
2020-06-16,17.79,6.5095
2020-06-17,17.9,7.0118
2020-06-18,19.99,8.1401
2020-06-19,20.8,8.2735
2020-06-20,22.7,8.6971
2020-06-21,24.19,8.5822
2020-06-22,24.59,8.5243
2020-06-23,25.86,8.2766
2020-06-24,25.19,4.3872
2020-06-25,25.68,7.4462
2020-06-26,23.27,7.7801
2020-06-27,23.34,8.3388
2020-06-28,25.74,8.3441
2020-06-29,27.06,8.5618
2020-06-30,27.39,8.3618
2020-07-01,27.03,8.243
2020-07-02,25.44,8.3866
2020-07-03,23.18,8.7415
2020-07-04,24.49,8.9126
2020-07-05,26.54,8.718
2020-07-06,27.82,8.1098
2020-07-07,28.21,8.2822
2020-07-08,27.0,4.9793
2020-07-09,25.73,6.6974
2020-07-10,25.26,7.5751
2020-07-11,26.94,7.7969
2020-07-12,26.61,5.8128
2020-07-13,26.12,7.7998
2020-07-14,24.25,7.7347
2020-07-15,24.21,8.2253
2020-07-16,25.63,8.3256
2020-07-17,25.72,8.4962
2020-07-18,25.67,8.6508
2020-07-19,27.66,8.2001
2020-07-20,28.2,8.4043
2020-07-21,28.08,6.2407
2020-07-22,26.65,7.4657
2020-07-23,28.64,7.3776
2020-07-24,29.44,7.7107
2020-07-25,28.04,8.101
2020-07-26,29.74,8.2757
2020-07-27,30.28,7.8737
2020-07-28,29.73,6.677
2020-07-29,29.78,7.5638
2020-07-30,29.94,6.829
2020-07-31,30.57,8.0842
2020-08-01,29.28,8.2152
2020-08-02,27.06,7.3745
2020-08-03,25.17,7.6334
2020-08-04,24.87,7.969
2020-08-05,27.44,7.8888
2020-08-06,29.47,7.2468
2020-08-07,30.0,7.2698
2020-08-08,30.3,4.9111
2020-08-09,30.0,7.2278
2020-08-10,29.12,3.323
2020-08-11,23.92,1.7422
2020-08-12,21.25,6.9298
2020-08-13,23.17,7.3176
2020-08-14,24.6,7.248
2020-08-15,22.47,7.7335
2020-08-16,20.74,7.6106
2020-08-17,21.77,6.7682
2020-08-18,23.58,5.3508
2020-08-19,24.86,7.5406
2020-08-20,24.93,7.1808
2020-08-21,25.02,6.9454
2020-08-22,24.39,7.4383
2020-08-23,24.18,7.2888
2020-08-24,25.38,6.7332
2020-08-25,26.92,7.1899
2020-08-26,27.81,7.1455
2020-08-27,27.43,6.9334
2020-08-28,25.11,6.66
2020-08-29,17.86,6.3242
2020-08-30,16.15,6.5088
2020-08-31,17.55,6.3948
2020-09-01,20.65,4.6843
2020-09-02,21.16,6.7255
2020-09-03,22.61,6.6026
2020-09-04,23.36,6.5767
2020-09-05,23.95,6.4255
2020-09-06,24.19,5.9856
2020-09-07,19.22,6.5419
2020-09-08,18.58,6.4939
2020-09-09,21.29,6.0468
2020-09-10,22.62,5.9748
2020-09-11,23.65,6.1474
2020-09-12,24.23,6.0276
2020-09-13,22.83,5.082
2020-09-14,22.29,3.8923
2020-09-15,23.27,4.9474
2020-09-16,23.36,4.667
2020-09-17,20.72,3.3634
2020-09-18,18.57,2.736
2020-09-19,16.77,2.4458
2020-09-20,17.28,3.1078
2020-09-21,17.42,5.177
2020-09-22,17.34,5.2027
2020-09-23,18.07,3.6384
2020-09-24,15.95,3.1418
2020-09-25,12.27,5.1158
2020-09-26,12.66,4.7532
2020-09-27,13.76,5.3642
2020-09-28,13.97,5.5351
2020-09-29,16.89,5.1449
2020-09-30,17.29,5.0009
2020-10-01,15.77,4.0961
2020-10-02,11.59,2.4518
2020-10-03,9.79,4.6476
2020-10-04,10.6,3.5724
2020-10-05,11.63,4.5732
2020-10-06,16.03,4.175
2020-10-07,17.27,4.837
2020-10-08,17.54,3.7685
2020-10-09,18.67,4.5439
2020-10-10,15.5,4.5427
2020-10-11,10.96,4.9999
2020-10-12,10.9,4.8348
2020-10-13,13.39,4.0274
2020-10-14,9.92,4.0879
2020-10-15,8.88,3.8604
2020-10-16,8.4,4.6286
2020-10-17,10.47,3.9048
2020-10-18,12.46,3.731
2020-10-19,13.19,4.0332
2020-10-20,13.52,1.1141
2020-10-21,12.66,2.2637
2020-10-22,12.6,1.6615
2020-10-23,10.12,2.7024
2020-10-24,9.25,2.9806
2020-10-25,9.41,1.6416
2020-10-26,7.12,3.3977
2020-10-27,8.44,3.6326
2020-10-28,9.81,1.535
2020-10-29,9.15,2.6899
2020-10-30,11.57,3.8623
2020-10-31,13.08,3.689
2020-11-01,13.19,3.3722
2020-11-02,13.66,3.0686
2020-11-03,10.84,0.9146
2020-11-04,8.02,1.5036
2020-11-05,10.94,0.7634
2020-11-06,14.09,1.7844
2020-11-07,11.21,1.5679
2020-11-08,10.3,2.201
2020-11-09,10.18,1.8864
2020-11-10,9.16,3.0588
2020-11-11,8.73,3.1078
2020-11-12,8.54,2.1859
2020-11-13,7.84,2.7569
2020-11-14,9.23,0.8107
2020-11-15,11.06,1.1825
2020-11-16,11.86,2.5226
2020-11-17,10.97,2.525
2020-11-18,10.62,2.1574
2020-11-19,11.46,2.9129
2020-11-20,7.37,3.0778
2020-11-21,6.11,3.0967
2020-11-22,6.21,2.9743
2020-11-23,7.48,2.9585
2020-11-24,5.39,2.4876
2020-11-25,7.41,1.404
2020-11-26,8.42,0.8242
2020-11-27,7.94,0.7349
2020-11-28,6.91,1.2787
2020-11-29,6.6,2.0251
2020-11-30,6.8,1.8782
2020-12-01,6.52,2.6734
2020-12-02,3.88,2.2697
2020-12-03,1.76,2.5572
2020-12-04,2.4,1.8168
2020-12-05,1.09,2.1142
2020-12-06,1.37,1.9106
2020-12-07,5.93,1.254
2020-12-08,3.83,1.9452
2020-12-09,1.89,2.4014
2020-12-10,6.65,1.0826
2020-12-11,10.66,0.8767
2020-12-12,7.09,2.4701
2020-12-13,6.07,2.1583
2020-12-14,8.1,1.0313
2020-12-15,6.17,1.7894
2020-12-16,5.08,1.255
2020-12-17,7.04,1.8038
2020-12-18,4.46,1.1486
2020-12-19,5.46,0.5393
2020-12-20,5.38,2.0081
2020-12-21,6.02,1.0274
2020-12-22,7.6,1.6646
2020-12-23,6.94,1.0754
2020-12-24,5.59,1.2617
2020-12-25,1.15,2.5994
2020-12-26,-0.05,2.5757
2020-12-27,0.52,1.8797
2020-12-28,3.25,2.2039
2020-12-29,1.41,1.6486
2020-12-30,-0.04,2.394
2020-12-31,1.1,1.9198
2021-01-01,0.62,2.1869
2021-01-02,-1.47,2.0362
2021-01-03,-0.58,2.3729
2021-01-04,-0.5,2.2279
2021-01-05,-0.93,2.693
2021-01-06,-0.94,2.6621
2021-01-07,-1.36,0.6216
2021-01-08,-2.3,0.6756
2021-01-09,-1.56,0.7469
2021-01-10,-4.12,1.962
2021-01-11,-5.99,2.9268
2021-01-12,-5.94,2.9772
2021-01-13,-2.78,2.9479
2021-01-14,-1.24,2.9206
2021-01-15,0.42,2.8819
2021-01-16,0.81,3.0036
2021-01-17,1.8,2.874
2021-01-18,2.98,3.0036
2021-01-19,1.88,3.0074
2021-01-20,3.85,1.163
2021-01-21,7.2,1.3178
2021-01-22,6.14,2.0131
2021-01-23,5.28,0.9072
2021-01-24,6.21,2.8111
2021-01-25,8.68,1.176
2021-01-26,9.27,1.6039
2021-01-27,9.86,2.8994
2021-01-28,8.75,1.7803
2021-01-29,7.9,1.9277
2021-01-30,7.7,3.0091
2021-01-31,7.45,1.6694
2021-02-01,8.17,3.0929
2021-02-02,7.99,1.5775
2021-02-03,8.4,1.4525
2021-02-04,8.65,1.9243
2021-02-05,9.39,3.1999
2021-02-06,6.39,1.6584
2021-02-07,3.35,3.0665
2021-02-08,5.37,2.239
2021-02-09,5.41,1.0025
2021-02-10,6.91,3.7174
2021-02-11,7.67,1.7866
2021-02-12,8.12,2.5512
2021-02-13,6.09,3.1078
2021-02-14,6.12,3.8779
2021-02-15,6.88,2.945
2021-02-16,5.28,3.3631
2021-02-17,7.26,3.3266
2021-02-18,6.72,3.6494
2021-02-19,6.84,4.1784
2021-02-20,7.02,3.1452
2021-02-21,6.51,1.5715
2021-02-22,4.5,2.6693
2021-02-23,4.83,4.0658
2021-02-24,5.85,3.3017
2021-02-25,7.2,2.7386
2021-02-26,8.37,3.589
2021-02-27,8.58,4.4666
2021-02-28,6.42,3.4087
2021-03-01,7.41,1.0999
2021-03-02,8.32,2.4122
2021-03-03,8.11,2.783
2021-03-04,7.0,2.9664
2021-03-05,7.52,3.6341
2021-03-06,7.66,3.2436
2021-03-07,7.48,3.3506
2021-03-08,6.56,2.6153
2021-03-09,4.85,4.4054
2021-03-10,6.12,5.4154
2021-03-11,9.43,4.8178
2021-03-12,7.64,3.9228
2021-03-13,5.79,5.6191
2021-03-14,6.58,4.9944
2021-03-15,6.92,5.4854
2021-03-16,7.98,5.8046
2021-03-17,8.43,5.8922
2021-03-18,4.85,4.2132
2021-03-19,4.49,2.9345
2021-03-20,3.78,6.0461
2021-03-21,4.89,5.8634
2021-03-22,6.65,5.7223
2021-03-23,8.42,6.2892
2021-03-24,10.19,6.2633
2021-03-25,10.83,6.1229
2021-03-26,10.58,5.2574
2021-03-27,9.77,4.3022
2021-03-28,10.45,5.8049
2021-03-29,10.6,5.1235
2021-03-30,11.92,3.9161
2021-03-31,12.26,5.97
2021-04-01,12.9,4.9553
2021-04-02,11.13,3.7102
2021-04-03,11.2,4.4527
2021-04-04,9.9,6.7008
2021-04-05,11.19,6.8791
2021-04-06,11.8,6.9814
2021-04-07,9.88,6.7702
2021-04-08,10.44,3.948
2021-04-09,9.3,2.1538
2021-04-10,10.97,4.3339
2021-04-11,10.45,3.985
2021-04-12,8.22,7.0622
2021-04-13,10.12,2.5634
2021-04-14,12.73,4.5605
2021-04-15,11.53,3.5731
2021-04-16,9.02,6.1687
2021-04-17,7.0,7.3212
2021-04-18,9.13,7.4076
2021-04-19,11.77,5.1864
2021-04-20,12.02,4.5403
2021-04-21,10.65,4.4256
2021-04-22,11.59,4.2785
2021-04-23,11.24,3.5822
2021-04-24,11.79,4.2046
2021-04-25,10.19,1.537
2021-04-26,12.27,4.266
2021-04-27,13.39,4.5288
2021-04-28,12.52,4.3234
2021-04-29,11.24,4.6793
2021-04-30,9.81,4.9822
2021-05-01,9.8,5.3491
2021-05-02,10.34,5.8104
2021-05-03,10.99,4.0066
2021-05-04,13.21,7.8905
2021-05-05,14.81,7.974
2021-05-06,16.09,8.0412
2021-05-07,17.1,7.8768
2021-05-08,18.11,7.0649
2021-05-09,13.42,2.7888
2021-05-10,10.05,6.439
2021-05-11,10.21,6.8402
2021-05-12,11.97,6.192
2021-05-13,12.83,4.9181
2021-05-14,14.36,7.9632
2021-05-15,17.2,6.187
2021-05-16,17.54,5.8546
2021-05-17,15.69,8.1041
2021-05-18,17.34,7.7479
2021-05-19,16.08,8.4763
2021-05-20,18.46,8.2183
2021-05-21,19.87,7.5511
2021-05-22,13.5,5.9794
2021-05-23,13.63,4.2619
2021-05-24,14.17,5.7701
2021-05-25,16.16,7.86
2021-05-26,17.67,6.931
2021-05-27,18.89,6.0067
2021-05-28,18.9,5.7127
2021-05-29,21.18,7.4381
2021-05-30,22.53,6.779
2021-05-31,22.7,6.6077
2021-06-01,19.12,6.2914
2021-06-02,19.09,7.8103
2021-06-03,20.1,7.2101
2021-06-04,19.87,8.1439
2021-06-05,16.04,3.3593
2021-06-06,20.63,8.1408
2021-06-07,22.95,8.1432
2021-06-08,23.99,8.3971
2021-06-09,23.87,8.5682
2021-06-10,24.16,8.1612
2021-06-11,23.93,7.1177
2021-06-12,23.15,8.1456
2021-06-13,24.62,7.7057
2021-06-14,25.29,7.5564
2021-06-15,24.98,6.7267
2021-06-16,23.85,6.4255
2021-06-17,17.28,3.721
2021-06-18,18.7,5.1787
2021-06-19,18.5,6.9566
2021-06-20,16.74,4.4177
2021-06-21,16.47,6.635
2021-06-22,17.03,4.2852
2021-06-23,17.18,6.8009
2021-06-24,19.06,8.2428
2021-06-25,23.0,7.6999
2021-06-26,24.57,8.0165
2021-06-27,22.05,8.2063
2021-06-28,18.81,8.957
2021-06-29,21.3,8.749
2021-06-30,22.81,8.8543
2021-07-01,24.33,8.706
2021-07-02,25.52,8.8094
2021-07-03,24.91,7.8005
2021-07-04,24.65,8.4103
2021-07-05,25.16,8.5824
2021-07-06,20.15,2.5618
2021-07-07,19.11,8.1134
2021-07-08,20.59,8.7379
2021-07-09,24.52,8.4017
2021-07-10,27.19,8.2565
2021-07-11,28.75,6.2314
2021-07-12,22.07,8.4086
2021-07-13,18.44,8.5236
2021-07-14,20.67,7.938
2021-07-15,23.23,8.3453
2021-07-16,26.0,8.5212
2021-07-17,27.48,8.4072
2021-07-18,27.02,8.609
2021-07-19,27.08,8.3798
2021-07-20,27.57,8.0486
2021-07-21,28.58,8.0683
2021-07-22,28.55,8.2178
2021-07-23,25.66,7.7986
2021-07-24,23.15,8.0611
2021-07-25,23.96,7.3992
2021-07-26,23.54,7.0003
2021-07-27,25.22,7.2019
2021-07-28,26.86,8.0251
2021-07-29,27.05,7.843
2021-07-30,26.34,8.1838
2021-07-31,20.52,5.9294
2021-08-01,19.22,7.0639
2021-08-02,22.13,7.1345
2021-08-03,24.04,6.6686
2021-08-04,24.29,7.2319
2021-08-05,25.54,7.872
2021-08-06,24.64,8.1012
2021-08-07,22.3,7.5418
2021-08-08,22.99,7.8586
2021-08-09,25.62,7.4395
2021-08-10,27.62,7.2401
2021-08-11,29.46,6.726
2021-08-12,29.1,7.2365
2021-08-13,31.81,7.2494
2021-08-14,31.58,5.8118
2021-08-15,29.32,6.5544
2021-08-16,26.24,7.6589
2021-08-17,23.67,7.4849
2021-08-18,24.25,7.2432
2021-08-19,24.91,7.1335
2021-08-20,25.11,7.4114
2021-08-21,26.06,7.5338
2021-08-22,26.66,6.9766
2021-08-23,27.53,6.0706
2021-08-24,26.43,5.6268
2021-08-25,25.82,5.6554
2021-08-26,26.65,5.106
2021-08-27,27.61,6.6766
2021-08-28,26.43,6.553
2021-08-29,25.41,6.431
2021-08-30,24.48,6.4205
2021-08-31,24.55,5.9887
2021-09-01,21.65,3.4303
2021-09-02,21.22,4.6277
2021-09-03,21.87,5.6945
2021-09-04,23.25,6.2743
2021-09-05,23.42,6.1356
2021-09-06,23.43,3.151
2021-09-07,22.71,4.5766
2021-09-08,21.84,5.8956
2021-09-09,20.67,4.0054
2021-09-10,20.65,5.376
2021-09-11,19.58,4.217
2021-09-12,21.95,5.8766
2021-09-13,20.11,2.3443
2021-09-14,16.81,1.7772
2021-09-15,17.75,4.0697
2021-09-16,19.21,4.3037
2021-09-17,19.88,5.3364
2021-09-18,18.53,5.5334
2021-09-19,16.86,6.0449
2021-09-20,16.49,4.7657
2021-09-21,14.64,5.6837
2021-09-22,15.14,3.737
2021-09-23,17.69,4.4758
2021-09-24,17.87,2.5224
2021-09-25,15.94,4.2002
2021-09-26,16.71,5.1593
2021-09-27,18.14,5.4228
2021-09-28,16.79,4.319
2021-09-29,16.1,5.2687
2021-09-30,16.93,4.6812
2021-10-01,17.71,3.7699
2021-10-02,17.56,4.5941
2021-10-03,13.52,1.9764
2021-10-04,11.52,4.8996
2021-10-05,14.39,3.8789
2021-10-06,15.42,4.8972
2021-10-07,16.17,5.0911
2021-10-08,16.8,5.0674
2021-10-09,14.94,4.9762
2021-10-10,14.91,4.128
2021-10-11,15.42,4.3414
2021-10-12,15.31,4.6956
2021-10-13,13.59,4.6978
2021-10-14,14.17,4.5864
2021-10-15,15.53,4.5005
2021-10-16,14.64,2.4053
2021-10-17,15.72,3.4685
2021-10-18,17.06,3.906
2021-10-19,16.33,4.1047
2021-10-20,15.25,3.6362
2021-10-21,13.58,3.6456
2021-10-22,12.04,4.1698
2021-10-23,11.34,4.3762
2021-10-24,12.06,4.279
2021-10-25,11.92,3.9619
2021-10-26,12.29,4.0908
2021-10-27,12.78,4.0087
2021-10-28,12.74,3.786
2021-10-29,11.49,0.8928
2021-10-30,15.18,1.8898
2021-10-31,16.56,1.5773
2021-11-01,12.32,3.2455
2021-11-02,8.45,2.4209
2021-11-03,6.3,2.845
2021-11-04,5.34,2.8354
2021-11-05,5.72,3.0871
2021-11-06,5.13,3.677
2021-11-07,5.2,2.9604
2021-11-08,9.46,3.4879
2021-11-09,7.6,3.4958
2021-11-10,6.36,3.4445
2021-11-11,7.08,3.3466
2021-11-12,8.99,3.2278
2021-11-13,7.95,3.2362
2021-11-14,7.48,3.246
2021-11-15,7.06,2.9734
2021-11-16,5.72,3.2153
2021-11-17,6.06,3.1361
2021-11-18,5.53,2.4631
2021-11-19,6.99,2.3268
2021-11-20,8.61,0.8714
2021-11-21,8.22,1.9387
2021-11-22,5.06,1.1434
2021-11-23,2.67,0.8796
2021-11-24,0.84,2.0794
2021-11-25,2.93,1.8658
2021-11-26,2.34,2.2188
2021-11-27,1.86,1.907
2021-11-28,1.84,2.2778
2021-11-29,5.74,2.34
2021-11-30,4.66,2.7401
2021-12-01,4.29,1.4028
2021-12-02,3.21,2.4106
2021-12-03,3.02,2.5939
2021-12-04,4.32,1.6217
2021-12-05,3.72,1.8583
2021-12-06,5.08,2.2342
2021-12-07,6.61,0.701
2021-12-08,3.74,1.6433
2021-12-09,4.81,1.3214
2021-12-10,7.78,1.7758
2021-12-11,6.72,2.2958
2021-12-12,7.21,2.4262
2021-12-13,4.25,2.6714
2021-12-14,5.79,2.6354
2021-12-15,6.49,2.418
2021-12-16,4.94,2.5781
2021-12-17,3.41,2.5565
2021-12-18,2.7,1.8046
2021-12-19,4.69,1.4568
2021-12-20,4.35,1.3411
2021-12-21,6.65,1.2761
2021-12-22,8.15,1.2406
2021-12-23,7.18,1.0169
2021-12-24,8.56,0.7596
2021-12-25,7.64,0.7138
2021-12-26,7.52,0.5059
2021-12-27,9.57,2.0146
2021-12-28,8.55,1.9987
2021-12-29,6.95,2.0364
2021-12-30,7.13,2.5538
2021-12-31,9.06,2.592
2022-01-01,9.34,2.4547
2022-01-02,9.09,2.1463
2022-01-03,7.6,2.4266
2022-01-04,6.29,1.543
2022-01-05,3.1,1.9238
2022-01-06,0.76,2.7358
2022-01-07,1.94,2.5738
2022-01-08,1.26,2.1012
2022-01-09,5.42,2.3537
2022-01-10,7.56,1.9882
2022-01-11,6.93,2.6474
2022-01-12,3.54,2.9621
2022-01-13,1.85,2.4691
2022-01-14,1.74,2.9832
2022-01-15,1.58,2.9681
2022-01-16,1.87,2.9299
2022-01-17,2.61,2.9458
2022-01-18,3.63,3.0708
2022-01-19,3.26,3.1454
2022-01-20,2.91,3.0427
2022-01-21,1.22,3.1663
2022-01-22,2.02,3.0031
2022-01-23,2.48,2.3501
2022-01-24,2.8,1.7842
2022-01-25,3.62,1.9094
2022-01-26,3.19,2.9647
2022-01-27,4.16,3.3473
2022-01-28,3.45,3.4894
2022-01-29,5.56,3.5983
2022-01-30,6.91,3.4884
2022-01-31,5.01,3.5573
2022-02-01,5.81,3.4838
2022-02-02,8.21,3.486
2022-02-03,8.86,2.8716
2022-02-04,6.26,2.5202
2022-02-05,6.35,3.1003
2022-02-06,3.87,3.7603
2022-02-07,5.93,3.8203
2022-02-08,6.49,3.8501
2022-02-09,6.33,3.8693
2022-02-10,7.43,3.5328
2022-02-11,8.48,2.6177
2022-02-12,6.93,3.1061
2022-02-13,6.69,2.5433
2022-02-14,4.78,3.7114
2022-02-15,4.18,4.1424
2022-02-16,6.77,3.215
2022-02-17,9.33,4.2118
2022-02-18,9.88,4.1172
2022-02-19,6.31,2.3935
2022-02-20,5.45,4.4393
2022-02-21,7.22,4.5374
2022-02-22,8.14,4.6092
2022-02-23,7.96,3.7975
2022-02-24,7.63,2.873
2022-02-25,5.92,1.1988
2022-02-26,6.95,1.1983
2022-02-27,7.92,2.9366
2022-02-28,8.5,4.6771
2022-03-01,9.87,4.6054
2022-03-02,8.65,4.1354
2022-03-03,5.49,1.1894
2022-03-04,6.27,3.57
2022-03-05,4.29,4.4174
2022-03-06,4.75,3.409
2022-03-07,4.48,2.4586
2022-03-08,5.79,3.3413
2022-03-09,6.33,2.9628
2022-03-10,7.0,3.5729
2022-03-11,7.21,2.1235
2022-03-12,6.61,4.4618
2022-03-13,7.7,5.3585
2022-03-14,7.35,0.9173
2022-03-15,11.39,2.0839
2022-03-16,10.74,1.2955
2022-03-17,8.62,2.0038
2022-03-18,7.93,2.8195
2022-03-19,8.09,2.8457
2022-03-20,8.83,2.2294
2022-03-21,8.31,2.2202
2022-03-22,8.46,2.166
2022-03-23,8.27,2.5889
2022-03-24,7.87,1.3778
2022-03-25,8.02,2.2966
2022-03-26,8.89,1.9733
2022-03-27,9.28,3.3934
2022-03-28,9.37,4.7618
2022-03-29,10.82,3.6679
2022-03-30,8.81,1.7592
2022-03-31,6.66,3.4901
2022-04-01,3.74,5.7475
2022-04-02,2.79,5.8176
2022-04-03,2.78,5.9167
2022-04-04,4.08,5.6717
2022-04-05,4.62,4.2264
2022-04-06,7.45,6.5215
2022-04-07,9.83,6.6648
2022-04-08,9.64,4.8206
2022-04-09,11.73,4.7201
2022-04-10,13.4,4.8998
2022-04-11,12.63,5.5812
2022-04-12,9.97,3.6329
2022-04-13,11.13,5.387
2022-04-14,12.76,6.1486
2022-04-15,14.81,6.689
2022-04-16,15.72,7.0577
2022-04-17,15.02,6.2892
2022-04-18,16.03,6.8194
2022-04-19,11.36,4.169
2022-04-20,6.49,3.654
2022-04-21,8.61,5.94
2022-04-22,7.43,1.9099
2022-04-23,7.48,4.0277
2022-04-24,9.97,7.399
2022-04-25,12.38,7.4659
2022-04-26,13.47,6.0046
2022-04-27,12.8,4.1472
2022-04-28,10.93,3.3778
2022-04-29,14.35,6.8314
2022-04-30,16.24,5.4996
2022-05-01,16.66,6.8791
2022-05-02,12.63,4.1086
2022-05-03,11.82,3.6806
2022-05-04,13.0,5.3534
2022-05-05,13.55,7.9102
2022-05-06,13.86,8.0424
2022-05-07,14.69,8.0422
2022-05-08,16.31,7.9104
2022-05-09,17.8,7.8977
2022-05-10,18.71,7.9901
2022-05-11,20.0,7.4611
2022-05-12,18.74,6.8928
2022-05-13,20.72,7.6109
2022-05-14,19.75,5.6539
2022-05-15,17.78,6.7649
2022-05-16,18.57,7.9193
2022-05-17,20.53,8.0837
2022-05-18,23.58,7.5842
2022-05-19,22.93,7.3726
2022-05-20,21.88,6.3218
2022-05-21,23.77,6.0158
2022-05-22,20.34,5.9006
2022-05-23,19.2,7.2602
2022-05-24,14.62,4.7846
2022-05-25,14.42,8.0429
2022-05-26,17.3,8.6002
2022-05-27,20.58,8.6402
2022-05-28,22.14,8.1792
2022-05-29,22.33,7.3032
2022-05-30,18.13,6.133
2022-05-31,20.73,8.4238
2022-06-01,20.58,8.2428
2022-06-02,21.12,7.2125
2022-06-03,21.05,7.8566
2022-06-04,20.22,8.0914
2022-06-05,20.93,8.6786
2022-06-06,22.34,7.3553
2022-06-07,24.21,8.4206
2022-06-08,23.16,5.8848
2022-06-09,24.43,8.6402
2022-06-10,25.27,8.6052
2022-06-11,27.1,7.417
2022-06-12,27.22,6.4402
2022-06-13,28.04,7.6901
2022-06-14,29.87,7.4674
2022-06-15,30.46,6.5414
2022-06-16,30.09,6.702
2022-06-17,29.45,7.7486
2022-06-18,29.81,7.3531
2022-06-19,22.63,8.5183
2022-06-20,20.97,6.7546
2022-06-21,20.84,7.1549
2022-06-22,19.04,7.1482
2022-06-23,19.2,5.5166
2022-06-24,19.77,8.1938
2022-06-25,20.6,6.8885
2022-06-26,20.81,8.6028
2022-06-27,20.95,7.7146
2022-06-28,22.63,8.7475
2022-06-29,24.14,8.5505
2022-06-30,22.53,7.8509
2022-07-01,23.88,8.5099
2022-07-02,27.08,7.8161
2022-07-03,26.92,7.7018
2022-07-04,27.2,8.4403
2022-07-05,27.64,8.2145
2022-07-06,25.73,6.8076
2022-07-07,24.35,8.5025
2022-07-08,26.17,8.6179
2022-07-09,28.15,8.4506
2022-07-10,29.28,8.1946
2022-07-11,30.0,6.689
2022-07-12,30.17,7.8187
2022-07-13,31.18,7.0099
2022-07-14,31.86,7.8086
2022-07-15,31.26,7.9814
2022-07-16,31.35,7.7426
2022-07-17,30.94,7.8912
2022-07-18,30.43,8.0398
2022-07-19,28.16,8.4096
2022-07-20,28.46,8.3074
2022-07-21,29.43,8.0398
2022-07-22,28.9,7.2566
2022-07-23,29.12,8.2706
2022-07-24,31.13,8.051
2022-07-25,29.66,8.0986
2022-07-26,27.7,7.8881
2022-07-27,27.1,7.5816
2022-07-28,27.86,7.9822
2022-07-29,28.56,7.8792
2022-07-30,28.82,7.2979
2022-07-31,29.91,7.164
2022-08-01,30.85,7.4592
2022-08-02,31.13,6.1733
2022-08-03,30.84,7.6006
2022-08-04,29.11,7.7323
2022-08-05,28.97,7.763
2022-08-06,28.95,7.4606
2022-08-07,28.91,7.459
2022-08-08,29.19,7.3908
2022-08-09,29.23,7.4674
2022-08-10,29.99,6.5184
2022-08-11,30.27,6.9828
2022-08-12,29.58,6.9218
2022-08-13,26.37,2.5226
2022-08-14,24.42,7.6764
2022-08-15,24.07,7.4035
2022-08-16,23.15,7.0147
2022-08-17,21.19,6.2767
2022-08-18,20.67,7.4278
2022-08-19,23.29,7.4518
2022-08-20,25.69,7.3514
2022-08-21,27.71,7.2574
2022-08-22,26.96,7.1647
2022-08-23,28.02,6.6146
2022-08-24,28.77,5.7694
2022-08-25,27.31,6.0065
2022-08-26,24.97,5.2738
2022-08-27,24.64,5.8082
2022-08-28,26.17,6.3874
2022-08-29,26.47,5.7398
2022-08-30,26.91,6.7092
2022-08-31,24.14,6.984
2022-09-01,23.91,6.7322
2022-09-02,22.69,6.185
2022-09-03,21.85,6.1944
2022-09-04,20.54,6.7306
2022-09-05,21.31,6.7219
2022-09-06,21.87,6.4879
2022-09-07,20.06,5.2442
2022-09-08,22.05,4.2182
2022-09-09,23.73,5.8128
2022-09-10,25.08,6.2573
2022-09-11,26.53,6.023
2022-09-12,24.57,2.7358
2022-09-13,20.94,3.1625
2022-09-14,18.97,4.3217
2022-09-15,19.3,3.9115
2022-09-16,20.71,5.106
2022-09-17,19.95,5.5637
2022-09-18,21.46,4.5168
2022-09-19,21.22,3.9187
2022-09-20,21.58,5.5462
2022-09-21,20.81,5.2577
2022-09-22,21.01,4.9661
2022-09-23,20.39,4.6661
2022-09-24,18.73,4.5516
2022-09-25,14.43,4.3382
2022-09-26,14.43,5.3172
2022-09-27,15.33,5.4636
2022-09-28,15.67,4.2518
2022-09-29,13.12,2.0554
2022-09-30,12.86,4.7345
2022-10-01,16.51,5.1898
2022-10-02,18.39,5.2874
2022-10-03,19.51,3.9804
2022-10-04,20.42,4.8173
2022-10-05,19.35,4.6915
2022-10-06,18.46,4.5715
2022-10-07,17.81,3.8666
2022-10-08,17.97,4.1364
2022-10-09,18.18,3.9936
2022-10-10,16.43,2.4698
2022-10-11,16.0,2.6633
2022-10-12,16.76,4.2101
2022-10-13,16.95,4.0999
2022-10-14,18.87,4.3476
2022-10-15,18.61,4.302
2022-10-16,17.45,3.3154
2022-10-17,18.78,3.2323
2022-10-18,17.88,3.2304
2022-10-19,17.73,1.667
2022-10-20,15.16,1.1729
2022-10-21,14.67,1.3884
2022-10-22,15.85,2.4377
2022-10-23,15.16,2.0854
2022-10-24,13.5,2.3297
2022-10-25,15.51,2.8625
2022-10-26,15.74,2.6784
2022-10-27,16.83,2.0652
2022-10-28,16.34,2.347
2022-10-29,14.89,3.0204
2022-10-30,13.87,1.7004
2022-10-31,12.24,1.2415
2022-11-01,14.3,2.8332
2022-11-02,14.32,3.1543
2022-11-03,12.71,2.2867
2022-11-04,8.56,3.3005
2022-11-05,9.27,3.7032
2022-11-06,10.84,3.4219
2022-11-07,11.03,3.149
2022-11-08,11.19,1.3901
2022-11-09,11.43,1.9778
2022-11-10,9.69,3.3394
2022-11-11,9.99,2.1264
2022-11-12,13.5,1.9706
2022-11-13,11.94,2.7223
2022-11-14,10.62,1.111
2022-11-15,12.67,1.3476
2022-11-16,10.85,0.7073
2022-11-17,12.38,1.7621
2022-11-18,7.74,2.3762
2022-11-19,5.29,2.3239
2022-11-20,8.35,2.5822
2022-11-21,9.6,0.8177
2022-11-22,7.51,1.1009
2022-11-23,11.46,1.5334
2022-11-24,9.67,1.111
2022-11-25,7.58,2.6609
2022-11-26,6.67,2.8675
2022-11-27,6.57,2.3117
2022-11-28,5.01,2.8457
2022-11-29,4.91,2.7
2022-11-30,5.48,2.3196
2022-12-01,5.23,2.7413
2022-12-02,3.05,2.1883
2022-12-03,3.56,1.3507
2022-12-04,3.64,1.2338
2022-12-05,5.65,0.8803
2022-12-06,8.33,0.7807
2022-12-07,7.92,1.29
2022-12-08,7.95,0.87
2022-12-09,8.07,1.0171
2022-12-10,5.89,1.7177
2022-12-11,5.34,0.9886
2022-12-12,9.77,0.3785
2022-12-13,11.99,0.6965
2022-12-14,10.19,1.2262
2022-12-15,7.81,1.4364
2022-12-16,6.05,1.4616
2022-12-17,7.23,1.4609
2022-12-18,5.69,1.5686
2022-12-19,4.14,1.5274
2022-12-20,6.89,0.719
2022-12-21,8.67,1.2259
2022-12-22,8.47,1.3183
2022-12-23,8.15,1.0308
2022-12-24,6.9,1.6423
2022-12-25,7.0,1.8679
2022-12-26,8.65,2.4552
2022-12-27,8.02,2.5114
2022-12-28,5.54,2.5164
2022-12-29,6.87,0.9535
2022-12-30,8.82,1.2713
2022-12-31,6.17,2.5606
2023-01-01,6.46,1.9063
2023-01-02,6.46,1.3913
2023-01-03,3.82,2.3472
2023-01-04,3.52,2.6904
2023-01-05,4.85,2.6635
2023-01-06,3.51,2.6642
2023-01-07,3.12,1.0798
2023-01-08,9.99,0.6998
2023-01-09,6.92,2.4934
2023-01-10,4.86,2.5805
2023-01-11,4.87,1.0229
2023-01-12,2.92,2.6273
2023-01-13,4.31,2.4233
2023-01-14,4.89,2.4655
2023-01-15,3.18,1.6783
2023-01-16,4.96,1.2106
2023-01-17,5.56,1.9207
2023-01-18,1.37,2.1929
2023-01-19,2.21,1.8487
2023-01-20,5.76,2.5394
2023-01-21,3.32,2.9501
2023-01-22,-0.13,3.1836
2023-01-23,0.55,2.9419
2023-01-24,-0.47,1.8979
2023-01-25,1.03,3.0758
2023-01-26,1.45,2.6971
2023-01-27,1.11,2.3304
2023-01-28,1.06,3.2371
2023-01-29,-0.22,3.3264
2023-01-30,0.58,3.4603
2023-01-31,1.94,3.4922
2023-02-01,2.79,3.5129
2023-02-02,3.56,3.5856
2023-02-03,5.18,3.6434
2023-02-04,5.57,3.6871
2023-02-05,4.71,3.7075
2023-02-06,3.54,3.611
2023-02-07,2.34,2.4557
2023-02-08,3.69,2.4972
2023-02-09,3.34,2.6244
2023-02-10,1.73,3.6979
2023-02-11,1.75,4.0356
2023-02-12,2.85,3.4387
2023-02-13,3.38,3.9919
2023-02-14,4.52,2.4571
2023-02-15,6.18,3.2242
2023-02-16,5.95,4.1522
2023-02-17,5.15,4.3788
2023-02-18,6.46,2.6474
2023-02-19,8.8,3.5998
2023-02-20,8.77,3.2254
2023-02-21,8.27,2.8282
2023-02-22,8.12,3.1193
2023-02-23,4.45,2.1542
2023-02-24,2.03,4.6056
2023-02-25,1.82,3.5899
2023-02-26,2.26,4.0502
2023-02-27,-0.55,3.511
2023-02-28,0.77,4.4436
2023-03-01,-0.28,3.4726
2023-03-02,1.27,4.9049
2023-03-03,2.91,5.0292
2023-03-04,4.44,5.075
2023-03-05,5.04,2.2596
2023-03-06,5.99,2.7492
2023-03-07,8.88,3.6223
2023-03-08,11.2,3.0499
2023-03-09,11.5,3.6367
2023-03-10,10.82,4.5442
2023-03-11,11.61,3.9612
2023-03-12,12.71,5.1586
2023-03-13,11.79,5.2286
2023-03-14,8.5,5.2092
2023-03-15,10.68,5.6256
2023-03-16,11.91,4.9682
2023-03-17,10.06,4.812
2023-03-18,8.55,3.7781
2023-03-19,9.45,5.9539
2023-03-20,11.18,5.3611
2023-03-21,12.21,5.7019
2023-03-22,12.3,5.6741
2023-03-23,12.49,5.7156
2023-03-24,10.77,4.0013
2023-03-25,10.71,5.5567
2023-03-26,10.78,6.3931
2023-03-27,9.98,6.5875
2023-03-28,13.33,6.1685
2023-03-29,13.81,6.0833
2023-03-30,14.2,5.5296
2023-03-31,12.82,4.8389
2023-04-01,11.1,4.962
2023-04-02,8.69,6.7882
2023-04-03,9.06,6.5832
2023-04-04,10.34,7.0145
2023-04-05,10.46,7.0363
2023-04-06,13.21,6.9038
2023-04-07,13.53,6.9811
2023-04-08,16.58,6.7658
2023-04-09,16.53,6.4495
2023-04-10,16.24,6.1337
2023-04-11,15.83,6.749
2023-04-12,12.43,4.7023
2023-04-13,8.9,6.7262
2023-04-14,11.63,4.5578
2023-04-15,13.38,6.8822
2023-04-16,13.83,7.4508
2023-04-17,13.81,7.5043
2023-04-18,13.71,7.4683
2023-04-19,14.95,7.1347
2023-04-20,17.82,7.2545
2023-04-21,17.35,6.1284
2023-04-22,14.42,6.7286
2023-04-23,14.85,7.0238
2023-04-24,16.52,6.8746
2023-04-25,18.88,6.9624
2023-04-26,19.08,7.3637
2023-04-27,22.05,6.6612
2023-04-28,22.04,5.6093
2023-04-29,18.01,4.3853
2023-04-30,16.83,6.1834
2023-05-01,17.24,7.7009
2023-05-02,19.8,6.9989
2023-05-03,20.05,6.2818
2023-05-04,18.23,7.9135
2023-05-05,18.27,7.2648
2023-05-06,19.24,7.6853
2023-05-07,19.03,7.2773
2023-05-08,20.34,7.061
2023-05-09,20.37,6.5786
2023-05-10,16.65,7.8449
2023-05-11,14.76,8.1108
2023-05-12,12.19,6.3199
2023-05-13,13.15,6.9679
2023-05-14,13.81,5.3578
2023-05-15,14.23,6.4572
2023-05-16,14.09,7.8763
2023-05-17,14.21,8.0225
2023-05-18,14.45,8.0719
2023-05-19,14.07,7.0762
2023-05-20,13.62,5.5524
2023-05-21,15.71,5.1026
2023-05-22,16.78,5.376
2023-05-23,16.53,4.8562
2023-05-24,17.25,5.2073
2023-05-25,17.13,5.8747
2023-05-26,15.0,2.9952
2023-05-27,16.44,5.177
2023-05-28,14.72,3.6101
2023-05-29,15.7,5.8668
2023-05-30,16.66,5.6988
2023-05-31,18.26,6.9905
2023-06-01,16.15,4.6106
2023-06-02,16.35,5.7182
2023-06-03,17.69,6.8825
2023-06-04,19.1,6.1555
2023-06-05,19.85,6.1481
2023-06-06,20.74,7.2528
2023-06-07,18.15,2.1408
2023-06-08,16.9,3.4524
2023-06-09,18.14,6.3252
2023-06-10,20.2,6.7512
2023-06-11,21.62,6.7394
2023-06-12,20.4,6.8842
2023-06-13,18.3,5.897
2023-06-14,19.7,6.7222
2023-06-15,22.56,7.9762
2023-06-16,25.08,7.6678
2023-06-17,25.6,7.0946
2023-06-18,23.66,6.6946
2023-06-19,22.33,5.4857
2023-06-20,21.36,6.6727
2023-06-21,20.86,4.9555
2023-06-22,21.3,7.9968
2023-06-23,24.28,8.1557
2023-06-24,26.29,8.4883
2023-06-25,28.91,7.7995
2023-06-26,27.93,8.0854
2023-06-27,26.76,7.5574
2023-06-28,25.97,7.1374
2023-06-29,25.75,7.9896
2023-06-30,21.57,8.4146
2023-07-01,23.87,8.1974
2023-07-02,26.2,7.4666
2023-07-03,26.83,6.9132
2023-07-04,25.29,8.6081
2023-07-05,24.54,6.7361
2023-07-06,25.05,7.9015
2023-07-07,25.57,7.553
2023-07-08,24.93,8.5649
2023-07-09,26.35,8.2646
2023-07-10,28.84,8.4946
2023-07-11,29.38,8.5248
2023-07-12,26.38,6.5546
2023-07-13,27.36,8.3436
2023-07-14,27.94,8.5169
2023-07-15,25.48,8.328
2023-07-16,25.39,8.5284
2023-07-17,29.78,7.9181
2023-07-18,30.31,7.193
2023-07-19,30.16,7.9927
2023-07-20,28.05,8.4979
2023-07-21,25.07,7.2533
2023-07-22,24.86,6.8844
2023-07-23,27.33,8.273
2023-07-24,24.68,7.9226
2023-07-25,23.28,8.237
2023-07-26,24.72,8.3112
2023-07-27,26.02,7.8689
2023-07-28,26.0,7.9788
2023-07-29,27.21,8.1094
2023-07-30,28.33,8.0498
2023-07-31,28.32,8.1026
2023-08-01,27.44,8.1182
2023-08-02,27.62,8.0705
2023-08-03,24.33,8.0822
2023-08-04,20.7,8.1514
2023-08-05,23.62,8.1226
2023-08-06,26.09,7.9411
2023-08-07,24.16,7.8554
2023-08-08,26.46,7.4026
2023-08-09,28.48,6.115
2023-08-10,27.19,7.854
2023-08-11,27.11,7.7717
2023-08-12,27.74,7.3937
2023-08-13,26.86,7.5854
2023-08-14,25.32,7.7155
2023-08-15,25.86,7.3195
2023-08-16,26.19,7.553
2023-08-17,26.39,7.5228
2023-08-18,24.7,6.438
2023-08-19,27.35,7.2372
2023-08-20,29.08,7.273
2023-08-21,29.9,7.0764
2023-08-22,29.75,7.027
2023-08-23,29.54,7.0831
2023-08-24,28.91,7.033
2023-08-25,28.9,6.4102
2023-08-26,25.31,3.9586
2023-08-27,18.36,6.283
2023-08-28,19.7,6.9785
2023-08-29,20.74,6.3828
2023-08-30,21.19,6.4349
2023-08-31,23.03,6.7778
2023-09-01,24.31,5.8963
2023-09-02,21.06,2.1216
2023-09-03,19.73,1.1827
2023-09-04,20.39,2.6654
2023-09-05,20.42,5.7653
2023-09-06,21.84,5.1154
2023-09-07,22.44,4.8242
2023-09-08,22.97,5.8291
2023-09-09,21.43,4.3992
2023-09-10,22.01,5.5838
2023-09-11,20.15,5.3986
2023-09-12,19.86,4.9339
2023-09-13,20.15,5.8099
2023-09-14,21.06,4.4791
2023-09-15,18.69,4.6378
2023-09-16,17.66,3.257
2023-09-17,16.25,2.4178
2023-09-18,14.83,3.3408
2023-09-19,17.14,5.0616
2023-09-20,16.99,5.4581
2023-09-21,14.41,1.9824
2023-09-22,13.26,5.5366
2023-09-23,15.4,5.8334
2023-09-24,17.33,5.7254
2023-09-25,19.3,5.0232
2023-09-26,19.02,5.459
2023-09-27,19.79,4.9354
2023-09-28,20.87,5.3566
2023-09-29,21.29,5.3942
2023-09-30,21.64,5.2946
2023-10-01,22.42,5.2812
2023-10-02,20.95,4.9918
2023-10-03,21.42,4.9346
2023-10-04,20.65,4.9601
2023-10-05,22.12,4.9397
2023-10-06,21.73,5.0126
2023-10-07,21.18,4.8943
2023-10-08,21.49,4.5787
2023-10-09,20.4,4.4702
2023-10-10,19.58,4.7587
2023-10-11,19.72,4.7153
2023-10-12,19.99,4.5799
2023-10-13,18.8,3.4356
2023-10-14,17.05,2.8882
2023-10-15,16.62,3.0946
2023-10-16,15.36,2.6422
2023-10-17,17.7,2.4211
2023-10-18,16.88,3.0782
2023-10-19,14.55,0.5309
2023-10-20,11.34,2.6837
2023-10-21,9.89,3.5575
2023-10-22,11.31,2.4581
2023-10-23,11.09,2.2754
2023-10-24,9.81,2.7384
2023-10-25,13.83,2.3618
2023-10-26,13.96,1.7316
2023-10-27,11.22,2.4067
2023-10-28,12.66,2.112
2023-10-29,12.95,1.5182
2023-10-30,11.05,3.0384
2023-10-31,7.92,2.1554
2023-11-01,10.94,1.2019
2023-11-02,11.53,2.5651
2023-11-03,8.51,2.1187
2023-11-04,10.73,1.2619
2023-11-05,8.74,2.7494
2023-11-06,6.03,2.8793
2023-11-07,4.61,2.057
2023-11-08,6.61,2.5106
2023-11-09,9.58,3.0982
2023-11-10,9.43,2.227
2023-11-11,12.5,1.8358
2023-11-12,12.9,2.9611
2023-11-13,12.37,2.0306
2023-11-14,11.22,2.2886
2023-11-15,11.1,2.2411
2023-11-16,12.09,1.8938
2023-11-17,12.31,2.3566
2023-11-18,11.21,2.9304
2023-11-19,11.33,3.0127
2023-11-20,10.72,2.8483
2023-11-21,6.89,2.5994
2023-11-22,7.64,2.5834
2023-11-23,5.77,3.0653
2023-11-24,6.58,2.9714
2023-11-25,8.13,2.885
2023-11-26,7.24,2.5982
2023-11-27,7.26,2.0995
2023-11-28,8.46,1.1035
2023-11-29,10.28,1.6106
2023-11-30,12.32,0.4632
2023-12-01,6.05,2.3885
2023-12-02,3.82,2.4173
2023-12-03,2.84,2.2618
2023-12-04,4.92,1.6517
2023-12-05,2.82,2.0386
2023-12-06,3.82,1.9058
2023-12-07,4.79,0.7685
2023-12-08,5.41,1.8005
2023-12-09,6.24,1.278
2023-12-10,8.68,1.045
2023-12-11,7.3,1.5739
2023-12-12,8.64,1.0572
2023-12-13,6.26,2.0443
2023-12-14,4.04,2.479
2023-12-15,5.35,2.5918
2023-12-16,4.24,2.6707
2023-12-17,3.27,2.6282
2023-12-18,3.62,2.6198
2023-12-19,3.47,2.6722
2023-12-20,4.07,2.4269
2023-12-21,5.12,2.509
2023-12-22,5.35,2.6153
2023-12-23,3.77,2.6297
2023-12-24,3.93,2.6354
2023-12-25,3.63,2.6669
2023-12-26,3.35,2.287
2023-12-27,2.74,2.5718
2023-12-28,4.09,2.1276
2023-12-29,5.65,0.8702
2023-12-30,4.17,2.3688
2023-12-31,4.86,1.5396
2024-01-01,3.85,2.4106
2024-01-02,3.66,0.7543
2024-01-03,8.74,0.6725
2024-01-04,5.84,0.9077
2024-01-05,2.88,1.6783
2024-01-06,1.85,2.3515
2024-01-07,0.72,2.5942
2024-01-08,1.53,2.4439
2024-01-09,2.9,1.241
2024-01-10,2.92,0.7433
2024-01-11,0.85,2.3899
2024-01-12,0.23,2.6376
2024-01-13,3.43,1.3181
2024-01-14,6.27,0.871
2024-01-15,9.24,0.9835
2024-01-16,10.44,1.2763
2024-01-17,9.52,0.8882
2024-01-18,9.35,1.8648
2024-01-19,4.1,1.9342
2024-01-20,2.36,2.5824
2024-01-21,3.86,3.0036
2024-01-22,4.76,2.0585
2024-01-23,8.68,2.8214
2024-01-24,10.09,3.1128
2024-01-25,10.94,3.0242
2024-01-26,10.36,2.7758
2024-01-27,9.46,2.6148
2024-01-28,7.81,2.904
2024-01-29,7.4,2.6434
2024-01-30,6.57,2.9743
2024-01-31,6.61,2.6364
2024-02-01,7.76,3.2201
2024-02-02,7.36,3.2213
2024-02-03,7.12,3.4752
2024-02-04,8.57,3.5042
2024-02-05,8.61,2.7739
2024-02-06,7.28,2.7079
2024-02-07,5.38,1.5852
2024-02-08,7.43,1.3354
2024-02-09,8.73,0.9271
2024-02-10,5.19,2.4394
2024-02-11,3.4,2.0998
2024-02-12,8.79,3.5186
2024-02-13,9.7,1.9745
2024-02-14,10.29,2.6808
2024-02-15,8.39,1.7006
2024-02-16,7.61,3.3835
2024-02-17,6.7,4.321
2024-02-18,8.49,3.6446
2024-02-19,9.71,4.2154
2024-02-20,8.33,4.5074
2024-02-21,8.04,2.7326
2024-02-22,8.23,2.2447
2024-02-23,3.96,3.0245
2024-02-24,3.85,3.0482
2024-02-25,8.22,2.1797
2024-02-26,5.76,3.1478
2024-02-27,4.65,3.6571
2024-02-28,5.52,4.4292
2024-02-29,5.25,4.1441
2024-03-01,4.45,4.2509
2024-03-02,4.79,1.2192
2024-03-03,2.66,3.5926
2024-03-04,5.33,2.3998
2024-03-05,5.92,4.7042
2024-03-06,6.08,4.9618
2024-03-07,5.67,2.2608
2024-03-08,5.05,2.9851
2024-03-09,4.86,2.0662
2024-03-10,6.72,3.1978
2024-03-11,6.22,4.086
2024-03-12,8.24,5.5966
2024-03-13,9.71,5.291
2024-03-14,10.16,4.0471
2024-03-15,9.67,3.9134
2024-03-16,11.51,4.3394
2024-03-17,14.05,4.1892
2024-03-18,13.4,4.301
2024-03-19,14.57,4.9766
2024-03-20,13.11,4.243
2024-03-21,13.93,4.548
2024-03-22,16.03,4.9567
2024-03-23,14.64,4.8595
2024-03-24,12.87,4.5948
2024-03-25,10.71,1.741
2024-03-26,5.33,4.4693
2024-03-27,7.77,3.3696
2024-03-28,10.01,3.3562
2024-03-29,6.98,1.9937
2024-03-30,5.82,3.377
2024-03-31,4.99,2.8358
2024-04-01,5.95,4.7232
2024-04-02,7.44,2.8726
2024-04-03,10.74,5.1317
2024-04-04,12.22,5.8867
2024-04-05,13.5,5.3398
2024-04-06,14.38,3.679
2024-04-07,14.59,4.7945
2024-04-08,10.24,4.9949
2024-04-09,7.46,7.176
2024-04-10,10.54,6.834
2024-04-11,14.39,6.7946
2024-04-12,14.74,7.1458
2024-04-13,16.38,7.2331
2024-04-14,15.85,6.857
2024-04-15,17.17,6.6574
2024-04-16,14.6,7.3634
2024-04-17,11.89,7.5408
2024-04-18,11.43,7.5982
2024-04-19,12.05,7.4522
2024-04-20,13.92,6.9595
2024-04-21,12.7,7.5094
2024-04-22,9.42,7.733
2024-04-23,7.62,6.947
2024-04-24,9.56,7.4918
2024-04-25,10.62,4.5406
2024-04-26,10.33,4.831
2024-04-27,9.34,5.1456
2024-04-28,9.71,6.3694
2024-04-29,10.78,5.7965
2024-04-30,11.22,5.7679
2024-05-01,8.03,6.0341
2024-05-02,8.52,6.0806
2024-05-03,11.26,7.3344
2024-05-04,14.1,7.2209
2024-05-05,13.58,4.4467
2024-05-06,13.27,6.0346
2024-05-07,13.09,8.143
2024-05-08,14.26,7.771
2024-05-09,17.28,7.1604
2024-05-10,18.26,7.7417
2024-05-11,18.12,7.5221
2024-05-12,18.68,6.3874
2024-05-13,18.74,6.1543
2024-05-14,13.63,5.9935
2024-05-15,11.7,6.3247
2024-05-16,11.98,5.9654
2024-05-17,13.56,5.4233
2024-05-18,13.86,6.7411
2024-05-19,13.72,6.001
2024-05-20,13.91,5.9575
2024-05-21,14.43,5.4811
2024-05-22,13.59,6.3811
2024-05-23,15.45,8.3813
2024-05-24,17.85,8.2586
2024-05-25,18.82,7.9826
2024-05-26,19.91,7.7321
2024-05-27,20.05,7.7179
2024-05-28,20.78,8.1223
2024-05-29,23.09,8.2601
2024-05-30,23.51,7.6457
2024-05-31,19.54,8.4202
2024-06-01,17.93,8.4132
2024-06-02,18.3,8.585
2024-06-03,20.4,7.2869
2024-06-04,22.85,7.6054
2024-06-05,26.1,7.3963
2024-06-06,24.8,7.2864
2024-06-07,25.6,5.5874
2024-06-08,19.31,2.5356
2024-06-09,19.13,3.9274
2024-06-10,16.04,3.5604
2024-06-11,16.95,8.5306
2024-06-12,17.13,7.3186
2024-06-13,18.62,8.5121
2024-06-14,21.83,8.6172
2024-06-15,20.46,8.6618
2024-06-16,21.11,8.7182
2024-06-17,21.59,8.8349
2024-06-18,20.28,4.4726
2024-06-19,18.56,6.9823
2024-06-20,16.59,5.4718
2024-06-21,19.8,8.4842
2024-06-22,21.45,6.9917
2024-06-23,22.9,7.4263
2024-06-24,23.97,8.5517
2024-06-25,26.33,7.5358
2024-06-26,23.64,5.1924
2024-06-27,24.45,5.795
2024-06-28,21.95,6.0034
2024-06-29,20.2,3.4358
2024-06-30,19.85,5.4163
2024-07-01,22.21,7.8197
2024-07-02,22.48,8.5502
2024-07-03,24.86,8.5169
2024-07-04,27.1,8.5901
2024-07-05,27.98,7.7801
2024-07-06,25.69,7.6178
2024-07-07,23.25,8.1262
2024-07-08,24.37,8.6712
2024-07-09,25.16,8.2274
2024-07-10,26.81,8.3902
2024-07-11,28.22,8.2668
2024-07-12,25.27,8.6489
2024-07-13,24.57,8.2073
2024-07-14,25.44,8.4871
2024-07-15,24.59,7.5598
2024-07-16,24.28,8.4926
2024-07-17,25.91,8.1343
2024-07-18,28.44,6.6214
2024-07-19,29.46,8.2205
2024-07-20,27.58,8.1312
2024-07-21,24.55,8.4406
2024-07-22,25.73,8.4686
2024-07-23,29.05,8.1744
2024-07-24,30.89,7.8989
2024-07-25,30.7,7.7575
2024-07-26,29.33,7.2482
2024-07-27,30.25,7.3085
2024-07-28,29.68,7.661
2024-07-29,29.01,5.113
2024-07-30,30.13,7.3961
2024-07-31,29.98,8.0057
2024-08-01,29.47,8.0705
2024-08-02,27.91,6.857
2024-08-03,27.68,7.687
2024-08-04,28.93,7.3238
2024-08-05,29.66,7.4047
2024-08-06,29.65,7.7059
2024-08-07,29.84,7.6402
2024-08-08,29.78,7.4657
2024-08-09,29.84,7.2466
2024-08-10,29.82,7.4657
2024-08-11,29.33,7.4359
2024-08-12,28.86,7.0812
2024-08-13,25.04,5.1974
2024-08-14,23.97,6.5978
2024-08-15,22.22,7.6538
2024-08-16,25.08,7.559
2024-08-17,26.65,7.0481
2024-08-18,26.94,7.1321
2024-08-19,25.9,7.073
2024-08-20,27.17,7.069
2024-08-21,27.46,6.5491
2024-08-22,28.26,6.1692
2024-08-23,28.17,6.5508
2024-08-24,26.96,6.5119
2024-08-25,25.75,6.437
2024-08-26,26.35,6.0386
2024-08-27,27.17,6.462
2024-08-28,28.28,6.5004
2024-08-29,23.97,3.2863
2024-08-30,23.66,4.614
2024-08-31,20.82,4.1042
2024-09-01,23.82,5.292
2024-09-02,23.65,5.8502
2024-09-03,22.83,5.6314
2024-09-04,20.08,5.6366
2024-09-05,18.99,5.021
2024-09-06,17.75,6.0427
2024-09-07,17.71,6.4956
2024-09-08,19.02,6.2789
2024-09-09,19.53,6.5287
2024-09-10,20.92,6.3132
2024-09-11,19.93,6.0358
2024-09-12,19.67,5.2164
2024-09-13,16.41,6.4039
2024-09-14,16.94,6.1457
2024-09-15,19.15,6.2909
2024-09-16,18.75,5.9383
2024-09-17,17.24,5.9981
2024-09-18,18.52,4.7366
2024-09-19,17.26,3.1318
2024-09-20,17.52,2.85
2024-09-21,17.98,3.1495
2024-09-22,17.67,4.3118
2024-09-23,17.14,5.0424
2024-09-24,16.53,3.4942
2024-09-25,17.77,2.377
2024-09-26,18.6,3.1944
2024-09-27,14.15,4.8101
2024-09-28,12.8,5.6729
2024-09-29,15.66,5.3489
2024-09-30,18.97,5.3582
2024-10-01,18.75,4.3553
2024-10-02,18.34,2.3182
2024-10-03,17.1,4.7854
2024-10-04,16.14,4.0001
2024-10-05,18.0,3.7987
2024-10-06,17.8,2.6465
2024-10-07,15.36,1.2785
2024-10-08,13.4,2.1641
2024-10-09,15.98,1.6186
2024-10-10,13.26,4.3841
2024-10-11,14.12,3.2618
2024-10-12,16.57,1.603
2024-10-13,17.73,2.9705
2024-10-14,17.83,1.9704
2024-10-15,16.73,1.921
2024-10-16,17.04,2.8351
2024-10-17,12.41,2.4451
2024-10-18,11.12,4.273
2024-10-19,14.25,3.6557
2024-10-20,15.1,3.2098
2024-10-21,14.91,4.1448
2024-10-22,15.05,3.0998
2024-10-23,15.03,2.5018
2024-10-24,14.48,2.2776
2024-10-25,13.01,1.5408
2024-10-26,7.53,2.9172
2024-10-27,7.27,2.6153
2024-10-28,11.92,2.837
2024-10-29,13.2,0.9946
2024-10-30,14.46,2.581
2024-10-31,13.38,2.7862
2024-11-01,13.32,2.5675
2024-11-02,12.0,1.8365
2024-11-03,11.85,2.6366
2024-11-04,13.01,1.8542
2024-11-05,13.64,2.6729
2024-11-06,13.44,3.3463
2024-11-07,12.55,3.0262
2024-11-08,10.8,1.4755
2024-11-09,11.12,2.7142
2024-11-10,10.62,2.0064
2024-11-11,10.88,2.8886
2024-11-12,7.52,2.4506
2024-11-13,6.28,0.8686
2024-11-14,11.11,1.5725
2024-11-15,11.84,1.481
2024-11-16,10.11,1.8312
2024-11-17,10.73,2.839
2024-11-18,12.54,2.5874
2024-11-19,10.55,2.4127
2024-11-20,9.26,2.4046
2024-11-21,9.58,1.5938
2024-11-22,9.86,2.4127
2024-11-23,9.63,1.7822
2024-11-24,11.33,1.2182
2024-11-25,10.18,1.1909
2024-11-26,6.33,1.9015
2024-11-27,6.63,2.7766
2024-11-28,6.72,2.7986
2024-11-29,8.75,2.1055
2024-11-30,10.06,2.4648
2024-12-01,9.85,1.7772
2024-12-02,10.57,1.5302
2024-12-03,8.48,2.1442
2024-12-04,7.48,2.6561
2024-12-05,7.94,2.3093
2024-12-06,9.74,2.2546
2024-12-07,7.53,2.4545
2024-12-08,3.51,2.1458
2024-12-09,2.78,2.1002
2024-12-10,2.38,2.2157
2024-12-11,2.17,1.6483
2024-12-12,3.44,2.1319
2024-12-13,3.96,1.2197
2024-12-14,2.81,2.0786
2024-12-15,2.39,2.4864
2024-12-16,2.82,2.5661
2024-12-17,3.49,2.1286
2024-12-18,5.37,2.0071
2024-12-19,6.61,1.6889
2024-12-20,2.56,2.5378
2024-12-21,2.69,2.5754
2024-12-22,4.63,2.4204
2024-12-23,4.53,2.4242
2024-12-24,6.07,2.4689
2024-12-25,8.06,2.5294
2024-12-26,7.27,2.4866
2024-12-27,5.38,2.1286
2024-12-28,4.06,2.6083
2024-12-29,3.66,2.6352
2024-12-30,2.84,2.6006
2024-12-31,3.51,2.6174
