fecha,tipo_dia
2016-01-01,F
2016-01-02,S
2016-01-03,D
2016-01-04,L
2016-01-05,M
2016-01-06,F
2016-01-07,J
2016-01-08,V
2016-01-09,S
2016-01-10,D
2016-01-11,L
2016-01-12,M
2016-01-13,X
2016-01-14,J
2016-01-15,V
2016-01-16,S
2016-01-17,D
2016-01-18,L
2016-01-19,M
2016-01-20,X
2016-01-21,J
2016-01-22,V
2016-01-23,S
2016-01-24,D
2016-01-25,L
2016-01-26,M
2016-01-27,X
2016-01-28,J
2016-01-29,V
2016-01-30,S
2016-01-31,D
2016-02-01,L
2016-02-02,M
2016-02-03,X
2016-02-04,J
2016-02-05,V
2016-02-06,S
2016-02-07,D
2016-02-08,L
2016-02-09,M
2016-02-10,X
2016-02-11,J
2016-02-12,V
2016-02-13,S
2016-02-14,D
2016-02-15,L
2016-02-16,M
2016-02-17,X
2016-02-18,J
2016-02-19,V
2016-02-20,S
2016-02-21,D
2016-02-22,L
2016-02-23,M
2016-02-24,X
2016-02-25,J
2016-02-26,V
2016-02-27,S
2016-02-28,FR
2016-02-29,L
2016-03-01,M
2016-03-02,X
2016-03-03,J
2016-03-04,V
2016-03-05,S
2016-03-06,D
2016-03-07,L
2016-03-08,M
2016-03-09,X
2016-03-10,J
2016-03-11,V
2016-03-12,S
2016-03-13,D
2016-03-14,L
2016-03-15,M
2016-03-16,X
2016-03-17,J
2016-03-18,V
2016-03-19,FR
2016-03-20,D
2016-03-21,L
2016-03-22,M
2016-03-23,X
2016-03-24,J
2016-03-25,F
2016-03-26,F
2016-03-27,D
2016-03-28,L
2016-03-29,M
2016-03-30,X
2016-03-31,J
2016-04-01,V
2016-04-02,S
2016-04-03,D
2016-04-04,L
2016-04-05,M
2016-04-06,X
2016-04-07,J
2016-04-08,V
2016-04-09,S
2016-04-10,D
2016-04-11,L
2016-04-12,M
2016-04-13,X
2016-04-14,J
2016-04-15,V
2016-04-16,S
2016-04-17,D
2016-04-18,L
2016-04-19,M
2016-04-20,X
2016-04-21,J
2016-04-22,V
2016-04-23,FR
2016-04-24,D
2016-04-25,L
2016-04-26,M
2016-04-27,X
2016-04-28,J
2016-04-29,V
2016-04-30,S
2016-05-01,F
2016-05-02,FR
2016-05-03,M
2016-05-04,X
2016-05-05,J
2016-05-06,V
2016-05-07,S
2016-05-08,D
2016-05-09,L
2016-05-10,M
2016-05-11,X
2016-05-12,J
2016-05-13,V
2016-05-14,S
2016-05-15,D
2016-05-16,L
2016-05-17,M
2016-05-18,X
2016-05-19,J
2016-05-20,V
2016-05-21,S
2016-05-22,D
2016-05-23,L
2016-05-24,M
2016-05-25,X
2016-05-26,J
2016-05-27,V
2016-05-28,S
2016-05-29,D
2016-05-30,L
2016-05-31,FR
2016-06-01,X
2016-06-02,J
2016-06-03,V
2016-06-04,S
2016-06-05,D
2016-06-06,L
2016-06-07,M
2016-06-08,X
2016-06-09,FR
2016-06-10,V
2016-06-11,S
2016-06-12,D
2016-06-13,L
2016-06-14,M
2016-06-15,X
2016-06-16,J
2016-06-17,V
2016-06-18,S
2016-06-19,D
2016-06-20,L
2016-06-21,M
2016-06-22,X
2016-06-23,J
2016-06-24,V
2016-06-25,S
2016-06-26,D
2016-06-27,L
2016-06-28,M
2016-06-29,X
2016-06-30,J
2016-07-01,V
2016-07-02,S
2016-07-03,D
2016-07-04,L
2016-07-05,M
2016-07-06,X
2016-07-07,J
2016-07-08,V
2016-07-09,S
2016-07-10,D
2016-07-11,L
2016-07-12,M
2016-07-13,X
2016-07-14,J
2016-07-15,V
2016-07-16,S
2016-07-17,D
2016-07-18,L
2016-07-19,M
2016-07-20,X
2016-07-21,J
2016-07-22,V
2016-07-23,S
2016-07-24,D
2016-07-25,FR
2016-07-26,M
2016-07-27,X
2016-07-28,FR
2016-07-29,V
2016-07-30,S
2016-07-31,D
2016-08-01,L
2016-08-02,M
2016-08-03,X
2016-08-04,J
2016-08-05,V
2016-08-06,S
2016-08-07,D
2016-08-08,L
2016-08-09,M
2016-08-10,X
2016-08-11,J
2016-08-12,V
2016-08-13,S
2016-08-14,D
2016-08-15,F
2016-08-16,M
2016-08-17,X
2016-08-18,J
2016-08-19,V
2016-08-20,S
2016-08-21,D
2016-08-22,L
2016-08-23,M
2016-08-24,X
2016-08-25,J
2016-08-26,V
2016-08-27,S
2016-08-28,D
2016-08-29,L
2016-08-30,M
2016-08-31,X
2016-09-01,J
2016-09-02,V
2016-09-03,S
2016-09-04,D
2016-09-05,L
2016-09-06,M
2016-09-07,X
2016-09-08,FR
2016-09-09,V
2016-09-10,S
2016-09-11,FR
2016-09-12,L
2016-09-13,M
2016-09-14,X
2016-09-15,J
2016-09-16,V
2016-09-17,S
2016-09-18,D
2016-09-19,L
2016-09-20,M
2016-09-21,X
2016-09-22,J
2016-09-23,V
2016-09-24,S
2016-09-25,D
2016-09-26,L
2016-09-27,M
2016-09-28,X
2016-09-29,J
2016-09-30,V
2016-10-01,S
2016-10-02,D
2016-10-03,L
2016-10-04,M
2016-10-05,X
2016-10-06,J
2016-10-07,V
2016-10-08,S
2016-10-09,FR
2016-10-10,L
2016-10-11,M
2016-10-12,F
2016-10-13,J
2016-10-14,V
2016-10-15,S
2016-10-16,D
2016-10-17,L
2016-10-18,M
2016-10-19,X
2016-10-20,J
2016-10-21,V
2016-10-22,S
2016-10-23,D
2016-10-24,L
2016-10-25,FR
2016-10-26,X
2016-10-27,J
2016-10-28,V
2016-10-29,S
2016-10-30,D
2016-10-31,L
2016-11-01,F
2016-11-02,X
2016-11-03,J
2016-11-04,V
2016-11-05,S
2016-11-06,D
2016-11-07,L
2016-11-08,M
2016-11-09,X
2016-11-10,J
2016-11-11,V
2016-11-12,S
2016-11-13,D
2016-11-14,L
2016-11-15,M
2016-11-16,X
2016-11-17,J
2016-11-18,V
2016-11-19,S
2016-11-20,D
2016-11-21,L
2016-11-22,M
2016-11-23,X
2016-11-24,J
2016-11-25,V
2016-11-26,S
2016-11-27,D
2016-11-28,L
2016-11-29,M
2016-11-30,X
2016-12-01,J
2016-12-02,V
2016-12-03,FR
2016-12-04,D
2016-12-05,L
2016-12-06,F
2016-12-07,X
2016-12-08,F
2016-12-09,V
2016-12-10,S
2016-12-11,D
2016-12-12,L
2016-12-13,M
2016-12-14,X
2016-12-15,J
2016-12-16,V
2016-12-17,S
2016-12-18,D
2016-12-19,L
2016-12-20,M
2016-12-21,X
2016-12-22,J
2016-12-23,V
2016-12-24,S
2016-12-25,F
2016-12-26,L
2016-12-27,M
2016-12-28,X
2016-12-29,J
2016-12-30,V
2016-12-31,S
2017-01-01,F
2017-01-02,L
2017-01-03,M
2017-01-04,X
2017-01-05,J
2017-01-06,F
2017-01-07,S
2017-01-08,D
2017-01-09,L
2017-01-10,M
2017-01-11,X
2017-01-12,J
2017-01-13,V
2017-01-14,S
2017-01-15,D
2017-01-16,L
2017-01-17,M
2017-01-18,X
2017-01-19,J
2017-01-20,V
2017-01-21,S
2017-01-22,D
2017-01-23,L
2017-01-24,M
2017-01-25,X
2017-01-26,J
2017-01-27,V
2017-01-28,S
2017-01-29,D
2017-01-30,L
2017-01-31,M
2017-02-01,X
2017-02-02,J
2017-02-03,V
2017-02-04,S
2017-02-05,D
2017-02-06,L
2017-02-07,M
2017-02-08,X
2017-02-09,J
2017-02-10,V
2017-02-11,S
2017-02-12,D
2017-02-13,L
2017-02-14,M
2017-02-15,X
2017-02-16,J
2017-02-17,V
2017-02-18,S
2017-02-19,D
2017-02-20,L
2017-02-21,M
2017-02-22,X
2017-02-23,J
2017-02-24,V
2017-02-25,S
2017-02-26,D
2017-02-27,L
2017-02-28,FR
2017-03-01,X
2017-03-02,J
2017-03-03,V
2017-03-04,S
2017-03-05,D
2017-03-06,L
2017-03-07,M
2017-03-08,X
2017-03-09,J
2017-03-10,V
2017-03-11,S
2017-03-12,D
2017-03-13,L
2017-03-14,M
2017-03-15,X
2017-03-16,J
2017-03-17,V
2017-03-18,S
2017-03-19,FR
2017-03-20,L
2017-03-21,M
2017-03-22,X
2017-03-23,J
2017-03-24,V
2017-03-25,S
2017-03-26,D
2017-03-27,L
2017-03-28,M
2017-03-29,X
2017-03-30,J
2017-03-31,V
2017-04-01,S
2017-04-02,D
2017-04-03,L
2017-04-04,M
2017-04-05,X
2017-04-06,J
2017-04-07,V
2017-04-08,S
2017-04-09,D
2017-04-10,L
2017-04-11,M
2017-04-12,X
2017-04-13,J
2017-04-14,F
2017-04-15,F
2017-04-16,D
2017-04-17,L
2017-04-18,M
2017-04-19,X
2017-04-20,J
2017-04-21,V
2017-04-22,S
2017-04-23,FR
2017-04-24,L
2017-04-25,M
2017-04-26,X
2017-04-27,J
2017-04-28,V
2017-04-29,S
2017-04-30,D
2017-05-01,F
2017-05-02,FR
2017-05-03,X
2017-05-04,J
2017-05-05,V
2017-05-06,S
2017-05-07,D
2017-05-08,L
2017-05-09,M
2017-05-10,X
2017-05-11,J
2017-05-12,V
2017-05-13,S
2017-05-14,D
2017-05-15,L
2017-05-16,M
2017-05-17,X
2017-05-18,J
2017-05-19,V
2017-05-20,S
2017-05-21,D
2017-05-22,L
2017-05-23,M
2017-05-24,X
2017-05-25,J
2017-05-26,V
2017-05-27,S
2017-05-28,D
2017-05-29,L
2017-05-30,M
2017-05-31,FR
2017-06-01,J
2017-06-02,V
2017-06-03,S
2017-06-04,D
2017-06-05,L
2017-06-06,M
2017-06-07,X
2017-06-08,J
2017-06-09,FR
2017-06-10,S
2017-06-11,D
2017-06-12,L
2017-06-13,M
2017-06-14,X
2017-06-15,J
2017-06-16,V
2017-06-17,S
2017-06-18,D
2017-06-19,L
2017-06-20,M
2017-06-21,X
2017-06-22,J
2017-06-23,V
2017-06-24,S
2017-06-25,D
2017-06-26,L
2017-06-27,M
2017-06-28,X
2017-06-29,J
2017-06-30,V
2017-07-01,S
2017-07-02,D
2017-07-03,L
2017-07-04,M
2017-07-05,X
2017-07-06,J
2017-07-07,V
2017-07-08,S
2017-07-09,D
2017-07-10,L
2017-07-11,M
2017-07-12,X
2017-07-13,J
2017-07-14,V
2017-07-15,S
2017-07-16,D
2017-07-17,L
2017-07-18,M
2017-07-19,X
2017-07-20,J
2017-07-21,V
2017-07-22,S
2017-07-23,D
2017-07-24,L
2017-07-25,FR
2017-07-26,X
2017-07-27,J
2017-07-28,FR
2017-07-29,S
2017-07-30,D
2017-07-31,L
2017-08-01,M
2017-08-02,X
2017-08-03,J
2017-08-04,V
2017-08-05,S
2017-08-06,D
2017-08-07,L
2017-08-08,M
2017-08-09,X
2017-08-10,J
2017-08-11,V
2017-08-12,S
2017-08-13,D
2017-08-14,L
2017-08-15,F
2017-08-16,X
2017-08-17,J
2017-08-18,V
2017-08-19,S
2017-08-20,D
2017-08-21,L
2017-08-22,M
2017-08-23,X
2017-08-24,J
2017-08-25,V
2017-08-26,S
2017-08-27,D
2017-08-28,L
2017-08-29,M
2017-08-30,X
2017-08-31,J
2017-09-01,V
2017-09-02,S
2017-09-03,D
2017-09-04,L
2017-09-05,M
2017-09-06,X
2017-09-07,J
2017-09-08,FR
2017-09-09,S
2017-09-10,D
2017-09-11,FR
2017-09-12,M
2017-09-13,X
2017-09-14,J
2017-09-15,V
2017-09-16,S
2017-09-17,D
2017-09-18,L
2017-09-19,M
2017-09-20,X
2017-09-21,J
2017-09-22,V
2017-09-23,S
2017-09-24,D
2017-09-25,L
2017-09-26,M
2017-09-27,X
2017-09-28,J
2017-09-29,V
2017-09-30,S
2017-10-01,D
2017-10-02,L
2017-10-03,M
2017-10-04,X
2017-10-05,J
2017-10-06,V
2017-10-07,S
2017-10-08,D
2017-10-09,FR
2017-10-10,M
2017-10-11,X
2017-10-12,F
2017-10-13,V
2017-10-14,S
2017-10-15,D
2017-10-16,L
2017-10-17,M
2017-10-18,X
2017-10-19,J
2017-10-20,V
2017-10-21,S
2017-10-22,D
2017-10-23,L
2017-10-24,M
2017-10-25,FR
2017-10-26,J
2017-10-27,V
2017-10-28,S
2017-10-29,D
2017-10-30,L
2017-10-31,M
2017-11-01,F
2017-11-02,J
2017-11-03,V
2017-11-04,S
2017-11-05,D
2017-11-06,L
2017-11-07,M
2017-11-08,X
2017-11-09,J
2017-11-10,V
2017-11-11,S
2017-11-12,D
2017-11-13,L
2017-11-14,M
2017-11-15,X
2017-11-16,J
2017-11-17,V
2017-11-18,S
2017-11-19,D
2017-11-20,L
2017-11-21,M
2017-11-22,X
2017-11-23,J
2017-11-24,V
2017-11-25,S
2017-11-26,D
2017-11-27,L
2017-11-28,M
2017-11-29,X
2017-11-30,J
2017-12-01,V
2017-12-02,S
2017-12-03,FR
2017-12-04,L
2017-12-05,M
2017-12-06,F
2017-12-07,J
2017-12-08,F
2017-12-09,S
2017-12-10,D
2017-12-11,L
2017-12-12,M
2017-12-13,X
2017-12-14,J
2017-12-15,V
2017-12-16,S
2017-12-17,D
2017-12-18,L
2017-12-19,M
2017-12-20,X
2017-12-21,J
2017-12-22,V
2017-12-23,S
2017-12-24,D
2017-12-25,F
2017-12-26,M
2017-12-27,X
2017-12-28,J
2017-12-29,V
2017-12-30,S
2017-12-31,D
2018-01-01,F
2018-01-02,M
2018-01-03,X
2018-01-04,J
2018-01-05,V
2018-01-06,F
2018-01-07,D
2018-01-08,L
2018-01-09,M
2018-01-10,X
2018-01-11,J
2018-01-12,V
2018-01-13,S
2018-01-14,D
2018-01-15,L
2018-01-16,M
2018-01-17,X
2018-01-18,J
2018-01-19,V
2018-01-20,S
2018-01-21,D
2018-01-22,L
2018-01-23,M
2018-01-24,X
2018-01-25,J
2018-01-26,V
2018-01-27,S
2018-01-28,D
2018-01-29,L
2018-01-30,M
2018-01-31,X
2018-02-01,J
2018-02-02,V
2018-02-03,S
2018-02-04,D
2018-02-05,L
2018-02-06,M
2018-02-07,X
2018-02-08,J
2018-02-09,V
2018-02-10,S
2018-02-11,D
2018-02-12,L
2018-02-13,M
2018-02-14,X
2018-02-15,J
2018-02-16,V
2018-02-17,S
2018-02-18,D
2018-02-19,L
2018-02-20,M
2018-02-21,X
2018-02-22,J
2018-02-23,V
2018-02-24,S
2018-02-25,D
2018-02-26,L
2018-02-27,M
2018-02-28,FR
2018-03-01,J
2018-03-02,V
2018-03-03,S
2018-03-04,D
2018-03-05,L
2018-03-06,M
2018-03-07,X
2018-03-08,J
2018-03-09,V
2018-03-10,S
2018-03-11,D
2018-03-12,L
2018-03-13,M
2018-03-14,X
2018-03-15,J
2018-03-16,V
2018-03-17,S
2018-03-18,D
2018-03-19,FR
2018-03-20,M
2018-03-21,X
2018-03-22,J
2018-03-23,V
2018-03-24,S
2018-03-25,D
2018-03-26,L
2018-03-27,M
2018-03-28,X
2018-03-29,J
2018-03-30,F
2018-03-31,F
2018-04-01,D
2018-04-02,L
2018-04-03,M
2018-04-04,X
2018-04-05,J
2018-04-06,V
2018-04-07,S
2018-04-08,D
2018-04-09,L
2018-04-10,M
2018-04-11,X
2018-04-12,J
2018-04-13,V
2018-04-14,S
2018-04-15,D
2018-04-16,L
2018-04-17,M
2018-04-18,X
2018-04-19,J
2018-04-20,V
2018-04-21,S
2018-04-22,D
2018-04-23,FR
2018-04-24,M
2018-04-25,X
2018-04-26,J
2018-04-27,V
2018-04-28,S
2018-04-29,D
2018-04-30,L
2018-05-01,F
2018-05-02,FR
2018-05-03,J
2018-05-04,V
2018-05-05,S
2018-05-06,D
2018-05-07,L
2018-05-08,M
2018-05-09,X
2018-05-10,J
2018-05-11,V
2018-05-12,S
2018-05-13,D
2018-05-14,L
2018-05-15,M
2018-05-16,X
2018-05-17,J
2018-05-18,V
2018-05-19,S
2018-05-20,D
2018-05-21,L
2018-05-22,M
2018-05-23,X
2018-05-24,J
2018-05-25,V
2018-05-26,S
2018-05-27,D
2018-05-28,L
2018-05-29,M
2018-05-30,X
2018-05-31,FR
2018-06-01,V
2018-06-02,S
2018-06-03,D
2018-06-04,L
2018-06-05,M
2018-06-06,X
2018-06-07,J
2018-06-08,V
2018-06-09,FR
2018-06-10,D
2018-06-11,L
2018-06-12,M
2018-06-13,X
2018-06-14,J
2018-06-15,V
2018-06-16,S
2018-06-17,D
2018-06-18,L
2018-06-19,M
2018-06-20,X
2018-06-21,J
2018-06-22,V
2018-06-23,S
2018-06-24,D
2018-06-25,L
2018-06-26,M
2018-06-27,X
2018-06-28,J
2018-06-29,V
2018-06-30,S
2018-07-01,D
2018-07-02,L
2018-07-03,M
2018-07-04,X
2018-07-05,J
2018-07-06,V
2018-07-07,S
2018-07-08,D
2018-07-09,L
2018-07-10,M
2018-07-11,X
2018-07-12,J
2018-07-13,V
2018-07-14,S
2018-07-15,D
2018-07-16,L
2018-07-17,M
2018-07-18,X
2018-07-19,J
2018-07-20,V
2018-07-21,S
2018-07-22,D
2018-07-23,L
2018-07-24,M
2018-07-25,FR
2018-07-26,J
2018-07-27,V
2018-07-28,FR
2018-07-29,D
2018-07-30,L
2018-07-31,M
2018-08-01,X
2018-08-02,J
2018-08-03,V
2018-08-04,S
2018-08-05,D
2018-08-06,L
2018-08-07,M
2018-08-08,X
2018-08-09,J
2018-08-10,V
2018-08-11,S
2018-08-12,D
2018-08-13,L
2018-08-14,M
2018-08-15,F
2018-08-16,J
2018-08-17,V
2018-08-18,S
2018-08-19,D
2018-08-20,L
2018-08-21,M
2018-08-22,X
2018-08-23,J
2018-08-24,V
2018-08-25,S
2018-08-26,D
2018-08-27,L
2018-08-28,M
2018-08-29,X
2018-08-30,J
2018-08-31,V
2018-09-01,S
2018-09-02,D
2018-09-03,L
2018-09-04,M
2018-09-05,X
2018-09-06,J
2018-09-07,V
2018-09-08,FR
2018-09-09,D
2018-09-10,L
2018-09-11,FR
2018-09-12,X
2018-09-13,J
2018-09-14,V
2018-09-15,S
2018-09-16,D
2018-09-17,L
2018-09-18,M
2018-09-19,X
2018-09-20,J
2018-09-21,V
2018-09-22,S
2018-09-23,D
2018-09-24,L
2018-09-25,M
2018-09-26,X
2018-09-27,J
2018-09-28,V
2018-09-29,S
2018-09-30,D
2018-10-01,L
2018-10-02,M
2018-10-03,X
2018-10-04,J
2018-10-05,V
2018-10-06,S
2018-10-07,D
2018-10-08,L
2018-10-09,FR
2018-10-10,X
2018-10-11,J
2018-10-12,F
2018-10-13,S
2018-10-14,D
2018-10-15,L
2018-10-16,M
2018-10-17,X
2018-10-18,J
2018-10-19,V
2018-10-20,S
2018-10-21,D
2018-10-22,L
2018-10-23,M
2018-10-24,X
2018-10-25,FR
2018-10-26,V
2018-10-27,S
2018-10-28,D
2018-10-29,L
2018-10-30,M
2018-10-31,X
2018-11-01,F
2018-11-02,V
2018-11-03,S
2018-11-04,D
2018-11-05,L
2018-11-06,M
2018-11-07,X
2018-11-08,J
2018-11-09,V
2018-11-10,S
2018-11-11,D
2018-11-12,L
2018-11-13,M
2018-11-14,X
2018-11-15,J
2018-11-16,V
2018-11-17,S
2018-11-18,D
2018-11-19,L
2018-11-20,M
2018-11-21,X
2018-11-22,J
2018-11-23,V
2018-11-24,S
2018-11-25,D
2018-11-26,L
2018-11-27,M
2018-11-28,X
2018-11-29,J
2018-11-30,V
2018-12-01,S
2018-12-02,D
2018-12-03,FR
2018-12-04,M
2018-12-05,X
2018-12-06,F
2018-12-07,V
2018-12-08,F
2018-12-09,D
2018-12-10,L
2018-12-11,M
2018-12-12,X
2018-12-13,J
2018-12-14,V
2018-12-15,S
2018-12-16,D
2018-12-17,L
2018-12-18,M
2018-12-19,X
2018-12-20,J
2018-12-21,V
2018-12-22,S
2018-12-23,D
2018-12-24,L
2018-12-25,F
2018-12-26,X
2018-12-27,J
2018-12-28,V
2018-12-29,S
2018-12-30,D
2018-12-31,L
2019-01-01,F
2019-01-02,X
2019-01-03,J
2019-01-04,V
2019-01-05,S
2019-01-06,F
2019-01-07,L
2019-01-08,M
2019-01-09,X
2019-01-10,J
2019-01-11,V
2019-01-12,S
2019-01-13,D
2019-01-14,L
2019-01-15,M
2019-01-16,X
2019-01-17,J
2019-01-18,V
2019-01-19,S
2019-01-20,D
2019-01-21,L
2019-01-22,M
2019-01-23,X
2019-01-24,J
2019-01-25,V
2019-01-26,S
2019-01-27,D
2019-01-28,L
2019-01-29,M
2019-01-30,X
2019-01-31,J
2019-02-01,V
2019-02-02,S
2019-02-03,D
2019-02-04,L
2019-02-05,M
2019-02-06,X
2019-02-07,J
2019-02-08,V
2019-02-09,S
2019-02-10,D
2019-02-11,L
2019-02-12,M
2019-02-13,X
2019-02-14,J
2019-02-15,V
2019-02-16,S
2019-02-17,D
2019-02-18,L
2019-02-19,M
2019-02-20,X
2019-02-21,J
2019-02-22,V
2019-02-23,S
2019-02-24,D
2019-02-25,L
2019-02-26,M
2019-02-27,X
2019-02-28,FR
2019-03-01,V
2019-03-02,S
2019-03-03,D
2019-03-04,L
2019-03-05,M
2019-03-06,X
2019-03-07,J
2019-03-08,V
2019-03-09,S
2019-03-10,D
2019-03-11,L
2019-03-12,M
2019-03-13,X
2019-03-14,J
2019-03-15,V
2019-03-16,S
2019-03-17,D
2019-03-18,L
2019-03-19,FR
2019-03-20,X
2019-03-21,J
2019-03-22,V
2019-03-23,S
2019-03-24,D
2019-03-25,L
2019-03-26,M
2019-03-27,X
2019-03-28,J
2019-03-29,V
2019-03-30,S
2019-03-31,D
2019-04-01,L
2019-04-02,M
2019-04-03,X
2019-04-04,J
2019-04-05,V
2019-04-06,S
2019-04-07,D
2019-04-08,L
2019-04-09,M
2019-04-10,X
2019-04-11,J
2019-04-12,V
2019-04-13,S
2019-04-14,D
2019-04-15,L
2019-04-16,M
2019-04-17,X
2019-04-18,J
2019-04-19,F
2019-04-20,F
2019-04-21,D
2019-04-22,L
2019-04-23,FR
2019-04-24,X
2019-04-25,J
2019-04-26,V
2019-04-27,S
2019-04-28,D
2019-04-29,L
2019-04-30,M
2019-05-01,F
2019-05-02,FR
2019-05-03,V
2019-05-04,S
2019-05-05,D
2019-05-06,L
2019-05-07,M
2019-05-08,X
2019-05-09,J
2019-05-10,V
2019-05-11,S
2019-05-12,D
2019-05-13,L
2019-05-14,M
2019-05-15,X
2019-05-16,J
2019-05-17,V
2019-05-18,S
2019-05-19,D
2019-05-20,L
2019-05-21,M
2019-05-22,X
2019-05-23,J
2019-05-24,V
2019-05-25,S
2019-05-26,D
2019-05-27,L
2019-05-28,M
2019-05-29,X
2019-05-30,J
2019-05-31,FR
2019-06-01,S
2019-06-02,D
2019-06-03,L
2019-06-04,M
2019-06-05,X
2019-06-06,J
2019-06-07,V
2019-06-08,S
2019-06-09,FR
2019-06-10,L
2019-06-11,M
2019-06-12,X
2019-06-13,J
2019-06-14,V
2019-06-15,S
2019-06-16,D
2019-06-17,L
2019-06-18,M
2019-06-19,X
2019-06-20,J
2019-06-21,V
2019-06-22,S
2019-06-23,D
2019-06-24,L
2019-06-25,M
2019-06-26,X
2019-06-27,J
2019-06-28,V
2019-06-29,S
2019-06-30,D
2019-07-01,L
2019-07-02,M
2019-07-03,X
2019-07-04,J
2019-07-05,V
2019-07-06,S
2019-07-07,D
2019-07-08,L
2019-07-09,M
2019-07-10,X
2019-07-11,J
2019-07-12,V
2019-07-13,S
2019-07-14,D
2019-07-15,L
2019-07-16,M
2019-07-17,X
2019-07-18,J
2019-07-19,V
2019-07-20,S
2019-07-21,D
2019-07-22,L
2019-07-23,M
2019-07-24,X
2019-07-25,FR
2019-07-26,V
2019-07-27,S
2019-07-28,FR
2019-07-29,L
2019-07-30,M
2019-07-31,X
2019-08-01,J
2019-08-02,V
2019-08-03,S
2019-08-04,D
2019-08-05,L
2019-08-06,M
2019-08-07,X
2019-08-08,J
2019-08-09,V
2019-08-10,S
2019-08-11,D
2019-08-12,L
2019-08-13,M
2019-08-14,X
2019-08-15,F
2019-08-16,V
2019-08-17,S
2019-08-18,D
2019-08-19,L
2019-08-20,M
2019-08-21,X
2019-08-22,J
2019-08-23,V
2019-08-24,S
2019-08-25,D
2019-08-26,L
2019-08-27,M
2019-08-28,X
2019-08-29,J
2019-08-30,V
2019-08-31,S
2019-09-01,D
2019-09-02,L
2019-09-03,M
2019-09-04,X
2019-09-05,J
2019-09-06,V
2019-09-07,S
2019-09-08,FR
2019-09-09,L
2019-09-10,M
2019-09-11,FR
2019-09-12,J
2019-09-13,V
2019-09-14,S
2019-09-15,D
2019-09-16,L
2019-09-17,M
2019-09-18,X
2019-09-19,J
2019-09-20,V
2019-09-21,S
2019-09-22,D
2019-09-23,L
2019-09-24,M
2019-09-25,X
2019-09-26,J
2019-09-27,V
2019-09-28,S
2019-09-29,D
2019-09-30,L
2019-10-01,M
2019-10-02,X
2019-10-03,J
2019-10-04,V
2019-10-05,S
2019-10-06,D
2019-10-07,L
2019-10-08,M
2019-10-09,FR
2019-10-10,J
2019-10-11,V
2019-10-12,F
2019-10-13,D
2019-10-14,L
2019-10-15,M
2019-10-16,X
2019-10-17,J
2019-10-18,V
2019-10-19,S
2019-10-20,D
2019-10-21,L
2019-10-22,M
2019-10-23,X
2019-10-24,J
2019-10-25,FR
2019-10-26,S
2019-10-27,D
2019-10-28,L
2019-10-29,M
2019-10-30,X
2019-10-31,J
2019-11-01,F
2019-11-02,S
2019-11-03,D
2019-11-04,L
2019-11-05,M
2019-11-06,X
2019-11-07,J
2019-11-08,V
2019-11-09,S
2019-11-10,D
2019-11-11,L
2019-11-12,M
2019-11-13,X
2019-11-14,J
2019-11-15,V
2019-11-16,S
2019-11-17,D
2019-11-18,L
2019-11-19,M
2019-11-20,X
2019-11-21,J
2019-11-22,V
2019-11-23,S
2019-11-24,D
2019-11-25,L
2019-11-26,M
2019-11-27,X
2019-11-28,J
2019-11-29,V
2019-11-30,S
2019-12-01,D
2019-12-02,L
2019-12-03,FR
2019-12-04,X
2019-12-05,J
2019-12-06,F
2019-12-07,S
2019-12-08,F
2019-12-09,L
2019-12-10,M
2019-12-11,X
2019-12-12,J
2019-12-13,V
2019-12-14,S
2019-12-15,D
2019-12-16,L
2019-12-17,M
2019-12-18,X
2019-12-19,J
2019-12-20,V
2019-12-21,S
2019-12-22,D
2019-12-23,L
2019-12-24,M
2019-12-25,F
2019-12-26,J
2019-12-27,V
2019-12-28,S
2019-12-29,D
2019-12-30,L
2019-12-31,M
2020-01-01,F
2020-01-02,J
2020-01-03,V
2020-01-04,S
2020-01-05,D
2020-01-06,F
2020-01-07,M
2020-01-08,X
2020-01-09,J
2020-01-10,V
2020-01-11,S
2020-01-12,D
2020-01-13,L
2020-01-14,M
2020-01-15,X
2020-01-16,J
2020-01-17,V
2020-01-18,S
2020-01-19,D
2020-01-20,L
2020-01-21,M
2020-01-22,X
2020-01-23,J
2020-01-24,V
2020-01-25,S
2020-01-26,D
2020-01-27,L
2020-01-28,M
2020-01-29,X
2020-01-30,J
2020-01-31,V
2020-02-01,S
2020-02-02,D
2020-02-03,L
2020-02-04,M
2020-02-05,X
2020-02-06,J
2020-02-07,V
2020-02-08,S
2020-02-09,D
2020-02-10,L
2020-02-11,M
2020-02-12,X
2020-02-13,J
2020-02-14,V
2020-02-15,S
2020-02-16,D
2020-02-17,L
2020-02-18,M
2020-02-19,X
2020-02-20,J
2020-02-21,V
2020-02-22,S
2020-02-23,D
2020-02-24,L
2020-02-25,M
2020-02-26,X
2020-02-27,J
2020-02-28,FR
2020-02-29,S
2020-03-01,D
2020-03-02,L
2020-03-03,M
2020-03-04,X
2020-03-05,J
2020-03-06,V
2020-03-07,S
2020-03-08,D
2020-03-09,L
2020-03-10,M
2020-03-11,X
2020-03-12,J
2020-03-13,V
2020-03-14,S
2020-03-15,D
2020-03-16,L
2020-03-17,M
2020-03-18,X
2020-03-19,FR
2020-03-20,V
2020-03-21,S
2020-03-22,D
2020-03-23,L
2020-03-24,M
2020-03-25,X
2020-03-26,J
2020-03-27,V
2020-03-28,S
2020-03-29,D
2020-03-30,L
2020-03-31,M
2020-04-01,X
2020-04-02,J
2020-04-03,V
2020-04-04,S
2020-04-05,D
2020-04-06,L
2020-04-07,M
2020-04-08,X
2020-04-09,J
2020-04-10,F
2020-04-11,F
2020-04-12,D
2020-04-13,L
2020-04-14,M
2020-04-15,X
2020-04-16,J
2020-04-17,V
2020-04-18,S
2020-04-19,D
2020-04-20,L
2020-04-21,M
2020-04-22,X
2020-04-23,FR
2020-04-24,V
2020-04-25,S
2020-04-26,D
2020-04-27,L
2020-04-28,M
2020-04-29,X
2020-04-30,J
2020-05-01,F
2020-05-02,FR
2020-05-03,D
2020-05-04,L
2020-05-05,M
2020-05-06,X
2020-05-07,J
2020-05-08,V
2020-05-09,S
2020-05-10,D
2020-05-11,L
2020-05-12,M
2020-05-13,X
2020-05-14,J
2020-05-15,V
2020-05-16,S
2020-05-17,D
2020-05-18,L
2020-05-19,M
2020-05-20,X
2020-05-21,J
2020-05-22,V
2020-05-23,S
2020-05-24,D
2020-05-25,L
2020-05-26,M
2020-05-27,X
2020-05-28,J
2020-05-29,V
2020-05-30,S
2020-05-31,FR
2020-06-01,L
2020-06-02,M
2020-06-03,X
2020-06-04,J
2020-06-05,V
2020-06-06,S
2020-06-07,D
2020-06-08,L
2020-06-09,FR
2020-06-10,X
2020-06-11,J
2020-06-12,V
2020-06-13,S
2020-06-14,D
2020-06-15,L
2020-06-16,M
2020-06-17,X
2020-06-18,J
2020-06-19,V
2020-06-20,S
2020-06-21,D
2020-06-22,L
2020-06-23,M
2020-06-24,X
2020-06-25,J
2020-06-26,V
2020-06-27,S
2020-06-28,D
2020-06-29,L
2020-06-30,M
2020-07-01,X
2020-07-02,J
2020-07-03,V
2020-07-04,S
2020-07-05,D
2020-07-06,L
2020-07-07,M
2020-07-08,X
2020-07-09,J
2020-07-10,V
2020-07-11,S
2020-07-12,D
2020-07-13,L
2020-07-14,M
2020-07-15,X
2020-07-16,J
2020-07-17,V
2020-07-18,S
2020-07-19,D
2020-07-20,L
2020-07-21,M
2020-07-22,X
2020-07-23,J
2020-07-24,V
2020-07-25,FR
2020-07-26,D
2020-07-27,L
2020-07-28,FR
2020-07-29,X
2020-07-30,J
2020-07-31,V
2020-08-01,S
2020-08-02,D
2020-08-03,L
2020-08-04,M
2020-08-05,X
2020-08-06,J
2020-08-07,V
2020-08-08,S
2020-08-09,D
2020-08-10,L
2020-08-11,M
2020-08-12,X
2020-08-13,J
2020-08-14,V
2020-08-15,F
2020-08-16,D
2020-08-17,L
2020-08-18,M
2020-08-19,X
2020-08-20,J
2020-08-21,V
2020-08-22,S
2020-08-23,D
2020-08-24,L
2020-08-25,M
2020-08-26,X
2020-08-27,J
2020-08-28,V
2020-08-29,S
2020-08-30,D
2020-08-31,L
2020-09-01,M
2020-09-02,X
2020-09-03,J
2020-09-04,V
2020-09-05,S
2020-09-06,D
2020-09-07,L
2020-09-08,FR
2020-09-09,X
2020-09-10,J
2020-09-11,FR
2020-09-12,S
2020-09-13,D
2020-09-14,L
2020-09-15,M
2020-09-16,X
2020-09-17,J
2020-09-18,V
2020-09-19,S
2020-09-20,D
2020-09-21,L
2020-09-22,M
2020-09-23,X
2020-09-24,J
2020-09-25,V
2020-09-26,S
2020-09-27,D
2020-09-28,L
2020-09-29,M
2020-09-30,X
2020-10-01,J
2020-10-02,V
2020-10-03,S
2020-10-04,D
2020-10-05,L
2020-10-06,M
2020-10-07,X
2020-10-08,J
2020-10-09,FR
2020-10-10,S
2020-10-11,D
2020-10-12,F
2020-10-13,M
2020-10-14,X
2020-10-15,J
2020-10-16,V
2020-10-17,S
2020-10-18,D
2020-10-19,L
2020-10-20,M
2020-10-21,X
2020-10-22,J
2020-10-23,V
2020-10-24,S
2020-10-25,FR
2020-10-26,L
2020-10-27,M
2020-10-28,X
2020-10-29,J
2020-10-30,V
2020-10-31,S
2020-11-01,F
2020-11-02,L
2020-11-03,M
2020-11-04,X
2020-11-05,J
2020-11-06,V
2020-11-07,S
2020-11-08,D
2020-11-09,L
2020-11-10,M
2020-11-11,X
2020-11-12,J
2020-11-13,V
2020-11-14,S
2020-11-15,D
2020-11-16,L
2020-11-17,M
2020-11-18,X
2020-11-19,J
2020-11-20,V
2020-11-21,S
2020-11-22,D
2020-11-23,L
2020-11-24,M
2020-11-25,X
2020-11-26,J
2020-11-27,V
2020-11-28,S
2020-11-29,D
2020-11-30,L
2020-12-01,M
2020-12-02,X
2020-12-03,FR
2020-12-04,V
2020-12-05,S
2020-12-06,F
2020-12-07,L
2020-12-08,F
2020-12-09,X
2020-12-10,J
2020-12-11,V
2020-12-12,S
2020-12-13,D
2020-12-14,L
2020-12-15,M
2020-12-16,X
2020-12-17,J
2020-12-18,V
2020-12-19,S
2020-12-20,D
2020-12-21,L
2020-12-22,M
2020-12-23,X
2020-12-24,J
2020-12-25,F
2020-12-26,S
2020-12-27,D
2020-12-28,L
2020-12-29,M
2020-12-30,X
2020-12-31,J
2021-01-01,F
2021-01-02,S
2021-01-03,D
2021-01-04,L
2021-01-05,M
2021-01-06,F
2021-01-07,J
2021-01-08,V
2021-01-09,S
2021-01-10,D
2021-01-11,L
2021-01-12,M
2021-01-13,X
2021-01-14,J
2021-01-15,V
2021-01-16,S
2021-01-17,D
2021-01-18,L
2021-01-19,M
2021-01-20,X
2021-01-21,J
2021-01-22,V
2021-01-23,S
2021-01-24,D
2021-01-25,L
2021-01-26,M
2021-01-27,X
2021-01-28,J
2021-01-29,V
2021-01-30,S
2021-01-31,D
2021-02-01,L
2021-02-02,M
2021-02-03,X
2021-02-04,J
2021-02-05,V
2021-02-06,S
2021-02-07,D
2021-02-08,L
2021-02-09,M
2021-02-10,X
2021-02-11,J
2021-02-12,V
2021-02-13,S
2021-02-14,D
2021-02-15,L
2021-02-16,M
2021-02-17,X
2021-02-18,J
2021-02-19,V
2021-02-20,S
2021-02-21,D
2021-02-22,L
2021-02-23,M
2021-02-24,X
2021-02-25,J
2021-02-26,V
2021-02-27,S
2021-02-28,FR
2021-03-01,L
2021-03-02,M
2021-03-03,X
2021-03-04,J
2021-03-05,V
2021-03-06,S
2021-03-07,D
2021-03-08,L
2021-03-09,M
2021-03-10,X
2021-03-11,J
2021-03-12,V
2021-03-13,S
2021-03-14,D
2021-03-15,L
2021-03-16,M
2021-03-17,X
2021-03-18,J
2021-03-19,FR
2021-03-20,S
2021-03-21,D
2021-03-22,L
2021-03-23,M
2021-03-24,X
2021-03-25,J
2021-03-26,V
2021-03-27,S
2021-03-28,D
2021-03-29,L
2021-03-30,M
2021-03-31,X
2021-04-01,J
2021-04-02,F
2021-04-03,F
2021-04-04,D
2021-04-05,L
2021-04-06,M
2021-04-07,X
2021-04-08,J
2021-04-09,V
2021-04-10,S
2021-04-11,D
2021-04-12,L
2021-04-13,M
2021-04-14,X
2021-04-15,J
2021-04-16,V
2021-04-17,S
2021-04-18,D
2021-04-19,L
2021-04-20,M
2021-04-21,X
2021-04-22,J
2021-04-23,FR
2021-04-24,S
2021-04-25,D
2021-04-26,L
2021-04-27,M
2021-04-28,X
2021-04-29,J
2021-04-30,V
2021-05-01,F
2021-05-02,FR
2021-05-03,L
2021-05-04,M
2021-05-05,X
2021-05-06,J
2021-05-07,V
2021-05-08,S
2021-05-09,D
2021-05-10,L
2021-05-11,M
2021-05-12,X
2021-05-13,J
2021-05-14,V
2021-05-15,S
2021-05-16,D
2021-05-17,L
2021-05-18,M
2021-05-19,X
2021-05-20,J
2021-05-21,V
2021-05-22,S
2021-05-23,D
2021-05-24,L
2021-05-25,M
2021-05-26,X
2021-05-27,J
2021-05-28,V
2021-05-29,S
2021-05-30,D
2021-05-31,FR
2021-06-01,M
2021-06-02,X
2021-06-03,J
2021-06-04,V
2021-06-05,S
2021-06-06,D
2021-06-07,L
2021-06-08,M
2021-06-09,FR
2021-06-10,J
2021-06-11,V
2021-06-12,S
2021-06-13,D
2021-06-14,L
2021-06-15,M
2021-06-16,X
2021-06-17,J
2021-06-18,V
2021-06-19,S
2021-06-20,D
2021-06-21,L
2021-06-22,M
2021-06-23,X
2021-06-24,J
2021-06-25,V
2021-06-26,S
2021-06-27,D
2021-06-28,L
2021-06-29,M
2021-06-30,X
2021-07-01,J
2021-07-02,V
2021-07-03,S
2021-07-04,D
2021-07-05,L
2021-07-06,M
2021-07-07,X
2021-07-08,J
2021-07-09,V
2021-07-10,S
2021-07-11,D
2021-07-12,L
2021-07-13,M
2021-07-14,X
2021-07-15,J
2021-07-16,V
2021-07-17,S
2021-07-18,D
2021-07-19,L
2021-07-20,M
2021-07-21,X
2021-07-22,J
2021-07-23,V
2021-07-24,S
2021-07-25,FR
2021-07-26,L
2021-07-27,M
2021-07-28,FR
2021-07-29,J
2021-07-30,V
2021-07-31,S
2021-08-01,D
2021-08-02,L
2021-08-03,M
2021-08-04,X
2021-08-05,J
2021-08-06,V
2021-08-07,S
2021-08-08,D
2021-08-09,L
2021-08-10,M
2021-08-11,X
2021-08-12,J
2021-08-13,V
2021-08-14,S
2021-08-15,F
2021-08-16,L
2021-08-17,M
2021-08-18,X
2021-08-19,J
2021-08-20,V
2021-08-21,S
2021-08-22,D
2021-08-23,L
2021-08-24,M
2021-08-25,X
2021-08-26,J
2021-08-27,V
2021-08-28,S
2021-08-29,D
2021-08-30,L
2021-08-31,M
2021-09-01,X
2021-09-02,J
2021-09-03,V
2021-09-04,S
2021-09-05,D
2021-09-06,L
2021-09-07,M
2021-09-08,FR
2021-09-09,J
2021-09-10,V
2021-09-11,FR
2021-09-12,D
2021-09-13,L
2021-09-14,M
2021-09-15,X
2021-09-16,J
2021-09-17,V
2021-09-18,S
2021-09-19,D
2021-09-20,L
2021-09-21,M
2021-09-22,X
2021-09-23,J
2021-09-24,V
2021-09-25,S
2021-09-26,D
2021-09-27,L
2021-09-28,M
2021-09-29,X
2021-09-30,J
2021-10-01,V
2021-10-02,S
2021-10-03,D
2021-10-04,L
2021-10-05,M
2021-10-06,X
2021-10-07,J
2021-10-08,V
2021-10-09,FR
2021-10-10,D
2021-10-11,L
2021-10-12,F
2021-10-13,X
2021-10-14,J
2021-10-15,V
2021-10-16,S
2021-10-17,D
2021-10-18,L
2021-10-19,M
2021-10-20,X
2021-10-21,J
2021-10-22,V
2021-10-23,S
2021-10-24,D
2021-10-25,FR
2021-10-26,M
2021-10-27,X
2021-10-28,J
2021-10-29,V
2021-10-30,S
2021-10-31,D
2021-11-01,F
2021-11-02,M
2021-11-03,X
2021-11-04,J
2021-11-05,V
2021-11-06,S
2021-11-07,D
2021-11-08,L
2021-11-09,M
2021-11-10,X
2021-11-11,J
2021-11-12,V
2021-11-13,S
2021-11-14,D
2021-11-15,L
2021-11-16,M
2021-11-17,X
2021-11-18,J
2021-11-19,V
2021-11-20,S
2021-11-21,D
2021-11-22,L
2021-11-23,M
2021-11-24,X
2021-11-25,J
2021-11-26,V
2021-11-27,S
2021-11-28,D
2021-11-29,L
2021-11-30,M
2021-12-01,X
2021-12-02,J
2021-12-03,FR
2021-12-04,S
2021-12-05,D
2021-12-06,F
2021-12-07,M
2021-12-08,F
2021-12-09,J
2021-12-10,V
2021-12-11,S
2021-12-12,D
2021-12-13,L
2021-12-14,M
2021-12-15,X
2021-12-16,J
2021-12-17,V
2021-12-18,S
2021-12-19,D
2021-12-20,L
2021-12-21,M
2021-12-22,X
2021-12-23,J
2021-12-24,V
2021-12-25,F
2021-12-26,D
2021-12-27,L
2021-12-28,M
2021-12-29,X
2021-12-30,J
2021-12-31,V
2022-01-01,F
2022-01-02,D
2022-01-03,L
2022-01-04,M
2022-01-05,X
2022-01-06,F
2022-01-07,V
2022-01-08,S
2022-01-09,D
2022-01-10,L
2022-01-11,M
2022-01-12,X
2022-01-13,J
2022-01-14,V
2022-01-15,S
2022-01-16,D
2022-01-17,L
2022-01-18,M
2022-01-19,X
2022-01-20,J
2022-01-21,V
2022-01-22,S
2022-01-23,D
2022-01-24,L
2022-01-25,M
2022-01-26,X
2022-01-27,J
2022-01-28,V
2022-01-29,S
2022-01-30,D
2022-01-31,L
2022-02-01,M
2022-02-02,X
2022-02-03,J
2022-02-04,V
2022-02-05,S
2022-02-06,D
2022-02-07,L
2022-02-08,M
2022-02-09,X
2022-02-10,J
2022-02-11,V
2022-02-12,S
2022-02-13,D
2022-02-14,L
2022-02-15,M
2022-02-16,X
2022-02-17,J
2022-02-18,V
2022-02-19,S
2022-02-20,D
2022-02-21,L
2022-02-22,M
2022-02-23,X
2022-02-24,J
2022-02-25,V
2022-02-26,S
2022-02-27,D
2022-02-28,FR
2022-03-01,M
2022-03-02,X
2022-03-03,J
2022-03-04,V
2022-03-05,S
2022-03-06,D
2022-03-07,L
2022-03-08,M
2022-03-09,X
2022-03-10,J
2022-03-11,V
2022-03-12,S
2022-03-13,D
2022-03-14,L
2022-03-15,M
2022-03-16,X
2022-03-17,J
2022-03-18,V
2022-03-19,FR
2022-03-20,D
2022-03-21,L
2022-03-22,M
2022-03-23,X
2022-03-24,J
2022-03-25,V
2022-03-26,S
2022-03-27,D
2022-03-28,L
2022-03-29,M
2022-03-30,X
2022-03-31,J
2022-04-01,V
2022-04-02,S
2022-04-03,D
2022-04-04,L
2022-04-05,M
2022-04-06,X
2022-04-07,J
2022-04-08,V
2022-04-09,S
2022-04-10,D
2022-04-11,L
2022-04-12,M
2022-04-13,X
2022-04-14,J
2022-04-15,F
2022-04-16,F
2022-04-17,D
2022-04-18,L
2022-04-19,M
2022-04-20,X
2022-04-21,J
2022-04-22,V
2022-04-23,FR
2022-04-24,D
2022-04-25,L
2022-04-26,M
2022-04-27,X
2022-04-28,J
2022-04-29,V
2022-04-30,S
2022-05-01,F
2022-05-02,FR
2022-05-03,M
2022-05-04,X
2022-05-05,J
2022-05-06,V
2022-05-07,S
2022-05-08,D
2022-05-09,L
2022-05-10,M
2022-05-11,X
2022-05-12,J
2022-05-13,V
2022-05-14,S
2022-05-15,D
2022-05-16,L
2022-05-17,M
2022-05-18,X
2022-05-19,J
2022-05-20,V
2022-05-21,S
2022-05-22,D
2022-05-23,L
2022-05-24,M
2022-05-25,X
2022-05-26,J
2022-05-27,V
2022-05-28,S
2022-05-29,D
2022-05-30,L
2022-05-31,FR
2022-06-01,X
2022-06-02,J
2022-06-03,V
2022-06-04,S
2022-06-05,D
2022-06-06,L
2022-06-07,M
2022-06-08,X
2022-06-09,FR
2022-06-10,V
2022-06-11,S
2022-06-12,D
2022-06-13,L
2022-06-14,M
2022-06-15,X
2022-06-16,J
2022-06-17,V
2022-06-18,S
2022-06-19,D
2022-06-20,L
2022-06-21,M
2022-06-22,X
2022-06-23,J
2022-06-24,V
2022-06-25,S
2022-06-26,D
2022-06-27,L
2022-06-28,M
2022-06-29,X
2022-06-30,J
2022-07-01,V
2022-07-02,S
2022-07-03,D
2022-07-04,L
2022-07-05,M
2022-07-06,X
2022-07-07,J
2022-07-08,V
2022-07-09,S
2022-07-10,D
2022-07-11,L
2022-07-12,M
2022-07-13,X
2022-07-14,J
2022-07-15,V
2022-07-16,S
2022-07-17,D
2022-07-18,L
2022-07-19,M
2022-07-20,X
2022-07-21,J
2022-07-22,V
2022-07-23,S
2022-07-24,D
2022-07-25,FR
2022-07-26,M
2022-07-27,X
2022-07-28,FR
2022-07-29,V
2022-07-30,S
2022-07-31,D
2022-08-01,L
2022-08-02,M
2022-08-03,X
2022-08-04,J
2022-08-05,V
2022-08-06,S
2022-08-07,D
2022-08-08,L
2022-08-09,M
2022-08-10,X
2022-08-11,J
2022-08-12,V
2022-08-13,S
2022-08-14,D
2022-08-15,F
2022-08-16,M
2022-08-17,X
2022-08-18,J
2022-08-19,V
2022-08-20,S
2022-08-21,D
2022-08-22,L
2022-08-23,M
2022-08-24,X
2022-08-25,J
2022-08-26,V
2022-08-27,S
2022-08-28,D
2022-08-29,L
2022-08-30,M
2022-08-31,X
2022-09-01,J
2022-09-02,V
2022-09-03,S
2022-09-04,D
2022-09-05,L
2022-09-06,M
2022-09-07,X
2022-09-08,FR
2022-09-09,V
2022-09-10,S
2022-09-11,FR
2022-09-12,L
2022-09-13,M
2022-09-14,X
2022-09-15,J
2022-09-16,V
2022-09-17,S
2022-09-18,D
2022-09-19,L
2022-09-20,M
2022-09-21,X
2022-09-22,J
2022-09-23,V
2022-09-24,S
2022-09-25,D
2022-09-26,L
2022-09-27,M
2022-09-28,X
2022-09-29,J
2022-09-30,V
2022-10-01,S
2022-10-02,D
2022-10-03,L
2022-10-04,M
2022-10-05,X
2022-10-06,J
2022-10-07,V
2022-10-08,S
2022-10-09,FR
2022-10-10,L
2022-10-11,M
2022-10-12,F
2022-10-13,J
2022-10-14,V
2022-10-15,S
2022-10-16,D
2022-10-17,L
2022-10-18,M
2022-10-19,X
2022-10-20,J
2022-10-21,V
2022-10-22,S
2022-10-23,D
2022-10-24,L
2022-10-25,FR
2022-10-26,X
2022-10-27,J
2022-10-28,V
2022-10-29,S
2022-10-30,D
2022-10-31,L
2022-11-01,F
2022-11-02,X
2022-11-03,J
2022-11-04,V
2022-11-05,S
2022-11-06,D
2022-11-07,L
2022-11-08,M
2022-11-09,X
2022-11-10,J
2022-11-11,V
2022-11-12,S
2022-11-13,D
2022-11-14,L
2022-11-15,M
2022-11-16,X
2022-11-17,J
2022-11-18,V
2022-11-19,S
2022-11-20,D
2022-11-21,L
2022-11-22,M
2022-11-23,X
2022-11-24,J
2022-11-25,V
2022-11-26,S
2022-11-27,D
2022-11-28,L
2022-11-29,M
2022-11-30,X
2022-12-01,J
2022-12-02,V
2022-12-03,FR
2022-12-04,D
2022-12-05,L
2022-12-06,F
2022-12-07,X
2022-12-08,F
2022-12-09,V
2022-12-10,S
2022-12-11,D
2022-12-12,L
2022-12-13,M
2022-12-14,X
2022-12-15,J
2022-12-16,V
2022-12-17,S
2022-12-18,D
2022-12-19,L
2022-12-20,M
2022-12-21,X
2022-12-22,J
2022-12-23,V
2022-12-24,S
2022-12-25,F
2022-12-26,L
2022-12-27,M
2022-12-28,X
2022-12-29,J
2022-12-30,V
2022-12-31,S
2023-01-01,F
2023-01-02,L
2023-01-03,M
2023-01-04,X
2023-01-05,J
2023-01-06,F
2023-01-07,S
2023-01-08,D
2023-01-09,L
2023-01-10,M
2023-01-11,X
2023-01-12,J
2023-01-13,V
2023-01-14,S
2023-01-15,D
2023-01-16,L
2023-01-17,M
2023-01-18,X
2023-01-19,J
2023-01-20,V
2023-01-21,S
2023-01-22,D
2023-01-23,L
2023-01-24,M
2023-01-25,X
2023-01-26,J
2023-01-27,V
2023-01-28,S
2023-01-29,D
2023-01-30,L
2023-01-31,M
2023-02-01,X
2023-02-02,J
2023-02-03,V
2023-02-04,S
2023-02-05,D
2023-02-06,L
2023-02-07,M
2023-02-08,X
2023-02-09,J
2023-02-10,V
2023-02-11,S
2023-02-12,D
2023-02-13,L
2023-02-14,M
2023-02-15,X
2023-02-16,J
2023-02-17,V
2023-02-18,S
2023-02-19,D
2023-02-20,L
2023-02-21,M
2023-02-22,X
2023-02-23,J
2023-02-24,V
2023-02-25,S
2023-02-26,D
2023-02-27,L
2023-02-28,FR
2023-03-01,X
2023-03-02,J
2023-03-03,V
2023-03-04,S
2023-03-05,D
2023-03-06,L
2023-03-07,M
2023-03-08,X
2023-03-09,J
2023-03-10,V
2023-03-11,S
2023-03-12,D
2023-03-13,L
2023-03-14,M
2023-03-15,X
2023-03-16,J
2023-03-17,V
2023-03-18,S
2023-03-19,FR
2023-03-20,L
2023-03-21,M
2023-03-22,X
2023-03-23,J
2023-03-24,V
2023-03-25,S
2023-03-26,D
2023-03-27,L
2023-03-28,M
2023-03-29,X
2023-03-30,J
2023-03-31,V
2023-04-01,S
2023-04-02,D
2023-04-03,L
2023-04-04,M
2023-04-05,X
2023-04-06,J
2023-04-07,F
2023-04-08,F
2023-04-09,D
2023-04-10,L
2023-04-11,M
2023-04-12,X
2023-04-13,J
2023-04-14,V
2023-04-15,S
2023-04-16,D
2023-04-17,L
2023-04-18,M
2023-04-19,X
2023-04-20,J
2023-04-21,V
2023-04-22,S
2023-04-23,FR
2023-04-24,L
2023-04-25,M
2023-04-26,X
2023-04-27,J
2023-04-28,V
2023-04-29,S
2023-04-30,D
2023-05-01,F
2023-05-02,FR
2023-05-03,X
2023-05-04,J
2023-05-05,V
2023-05-06,S
2023-05-07,D
2023-05-08,L
2023-05-09,M
2023-05-10,X
2023-05-11,J
2023-05-12,V
2023-05-13,S
2023-05-14,D
2023-05-15,L
2023-05-16,M
2023-05-17,X
2023-05-18,J
2023-05-19,V
2023-05-20,S
2023-05-21,D
2023-05-22,L
2023-05-23,M
2023-05-24,X
2023-05-25,J
2023-05-26,V
2023-05-27,S
2023-05-28,D
2023-05-29,L
2023-05-30,M
2023-05-31,FR
2023-06-01,J
2023-06-02,V
2023-06-03,S
2023-06-04,D
2023-06-05,L
2023-06-06,M
2023-06-07,X
2023-06-08,J
2023-06-09,FR
2023-06-10,S
2023-06-11,D
2023-06-12,L
2023-06-13,M
2023-06-14,X
2023-06-15,J
2023-06-16,V
2023-06-17,S
2023-06-18,D
2023-06-19,L
2023-06-20,M
2023-06-21,X
2023-06-22,J
2023-06-23,V
2023-06-24,S
2023-06-25,D
2023-06-26,L
2023-06-27,M
2023-06-28,X
2023-06-29,J
2023-06-30,V
2023-07-01,S
2023-07-02,D
2023-07-03,L
2023-07-04,M
2023-07-05,X
2023-07-06,J
2023-07-07,V
2023-07-08,S
2023-07-09,D
2023-07-10,L
2023-07-11,M
2023-07-12,X
2023-07-13,J
2023-07-14,V
2023-07-15,S
2023-07-16,D
2023-07-17,L
2023-07-18,M
2023-07-19,X
2023-07-20,J
2023-07-21,V
2023-07-22,S
2023-07-23,D
2023-07-24,L
2023-07-25,FR
2023-07-26,X
2023-07-27,J
2023-07-28,FR
2023-07-29,S
2023-07-30,D
2023-07-31,L
2023-08-01,M
2023-08-02,X
2023-08-03,J
2023-08-04,V
2023-08-05,S
2023-08-06,D
2023-08-07,L
2023-08-08,M
2023-08-09,X
2023-08-10,J
2023-08-11,V
2023-08-12,S
2023-08-13,D
2023-08-14,L
2023-08-15,F
2023-08-16,X
2023-08-17,J
2023-08-18,V
2023-08-19,S
2023-08-20,D
2023-08-21,L
2023-08-22,M
2023-08-23,X
2023-08-24,J
2023-08-25,V
2023-08-26,S
2023-08-27,D
2023-08-28,L
2023-08-29,M
2023-08-30,X
2023-08-31,J
2023-09-01,V
2023-09-02,S
2023-09-03,D
2023-09-04,L
2023-09-05,M
2023-09-06,X
2023-09-07,J
2023-09-08,FR
2023-09-09,S
2023-09-10,D
2023-09-11,FR
2023-09-12,M
2023-09-13,X
2023-09-14,J
2023-09-15,V
2023-09-16,S
2023-09-17,D
2023-09-18,L
2023-09-19,M
2023-09-20,X
2023-09-21,J
2023-09-22,V
2023-09-23,S
2023-09-24,D
2023-09-25,L
2023-09-26,M
2023-09-27,X
2023-09-28,J
2023-09-29,V
2023-09-30,S
2023-10-01,D
2023-10-02,L
2023-10-03,M
2023-10-04,X
2023-10-05,J
2023-10-06,V
2023-10-07,S
2023-10-08,D
2023-10-09,FR
2023-10-10,M
2023-10-11,X
2023-10-12,F
2023-10-13,V
2023-10-14,S
2023-10-15,D
2023-10-16,L
2023-10-17,M
2023-10-18,X
2023-10-19,J
2023-10-20,V
2023-10-21,S
2023-10-22,D
2023-10-23,L
2023-10-24,M
2023-10-25,FR
2023-10-26,J
2023-10-27,V
2023-10-28,S
2023-10-29,D
2023-10-30,L
2023-10-31,M
2023-11-01,F
2023-11-02,J
2023-11-03,V
2023-11-04,S
2023-11-05,D
2023-11-06,L
2023-11-07,M
2023-11-08,X
2023-11-09,J
2023-11-10,V
2023-11-11,S
2023-11-12,D
2023-11-13,L
2023-11-14,M
2023-11-15,X
2023-11-16,J
2023-11-17,V
2023-11-18,S
2023-11-19,D
2023-11-20,L
2023-11-21,M
2023-11-22,X
2023-11-23,J
2023-11-24,V
2023-11-25,S
2023-11-26,D
2023-11-27,L
2023-11-28,M
2023-11-29,X
2023-11-30,J
2023-12-01,V
2023-12-02,S
2023-12-03,FR
2023-12-04,L
2023-12-05,M
2023-12-06,F
2023-12-07,J
2023-12-08,F
2023-12-09,S
2023-12-10,D
2023-12-11,L
2023-12-12,M
2023-12-13,X
2023-12-14,J
2023-12-15,V
2023-12-16,S
2023-12-17,D
2023-12-18,L
2023-12-19,M
2023-12-20,X
2023-12-21,J
2023-12-22,V
2023-12-23,S
2023-12-24,D
2023-12-25,F
2023-12-26,M
2023-12-27,X
2023-12-28,J
2023-12-29,V
2023-12-30,S
2023-12-31,D
2024-01-01,F
2024-01-02,M
2024-01-03,X
2024-01-04,J
2024-01-05,V
2024-01-06,F
2024-01-07,D
2024-01-08,L
2024-01-09,M
2024-01-10,X
2024-01-11,J
2024-01-12,V
2024-01-13,S
2024-01-14,D
2024-01-15,L
2024-01-16,M
2024-01-17,X
2024-01-18,J
2024-01-19,V
2024-01-20,S
2024-01-21,D
2024-01-22,L
2024-01-23,M
2024-01-24,X
2024-01-25,J
2024-01-26,V
2024-01-27,S
2024-01-28,D
2024-01-29,L
2024-01-30,M
2024-01-31,X
2024-02-01,J
2024-02-02,V
2024-02-03,S
2024-02-04,D
2024-02-05,L
2024-02-06,M
2024-02-07,X
2024-02-08,J
2024-02-09,V
2024-02-10,S
2024-02-11,D
2024-02-12,L
2024-02-13,M
2024-02-14,X
2024-02-15,J
2024-02-16,V
2024-02-17,S
2024-02-18,D
2024-02-19,L
2024-02-20,M
2024-02-21,X
2024-02-22,J
2024-02-23,V
2024-02-24,S
2024-02-25,D
2024-02-26,L
2024-02-27,M
2024-02-28,FR
2024-02-29,J
2024-03-01,V
2024-03-02,S
2024-03-03,D
2024-03-04,L
2024-03-05,M
2024-03-06,X
2024-03-07,J
2024-03-08,V
2024-03-09,S
2024-03-10,D
2024-03-11,L
2024-03-12,M
2024-03-13,X
2024-03-14,J
2024-03-15,V
2024-03-16,S
2024-03-17,D
2024-03-18,L
2024-03-19,FR
2024-03-20,X
2024-03-21,J
2024-03-22,V
2024-03-23,S
2024-03-24,D
2024-03-25,L
2024-03-26,M
2024-03-27,X
2024-03-28,J
2024-03-29,F
2024-03-30,F
2024-03-31,D
2024-04-01,L
2024-04-02,M
2024-04-03,X
2024-04-04,J
2024-04-05,V
2024-04-06,S
2024-04-07,D
2024-04-08,L
2024-04-09,M
2024-04-10,X
2024-04-11,J
2024-04-12,V
2024-04-13,S
2024-04-14,D
2024-04-15,L
2024-04-16,M
2024-04-17,X
2024-04-18,J
2024-04-19,V
2024-04-20,S
2024-04-21,D
2024-04-22,L
2024-04-23,FR
2024-04-24,X
2024-04-25,J
2024-04-26,V
2024-04-27,S
2024-04-28,D
2024-04-29,L
2024-04-30,M
2024-05-01,F
2024-05-02,FR
2024-05-03,V
2024-05-04,S
2024-05-05,D
2024-05-06,L
2024-05-07,M
2024-05-08,X
2024-05-09,J
2024-05-10,V
2024-05-11,S
2024-05-12,D
2024-05-13,L
2024-05-14,M
2024-05-15,X
2024-05-16,J
2024-05-17,V
2024-05-18,S
2024-05-19,D
2024-05-20,L
2024-05-21,M
2024-05-22,X
2024-05-23,J
2024-05-24,V
2024-05-25,S
2024-05-26,D
2024-05-27,L
2024-05-28,M
2024-05-29,X
2024-05-30,J
2024-05-31,FR
2024-06-01,S
2024-06-02,D
2024-06-03,L
2024-06-04,M
2024-06-05,X
2024-06-06,J
2024-06-07,V
2024-06-08,S
2024-06-09,FR
2024-06-10,L
2024-06-11,M
2024-06-12,X
2024-06-13,J
2024-06-14,V
2024-06-15,S
2024-06-16,D
2024-06-17,L
2024-06-18,M
2024-06-19,X
2024-06-20,J
2024-06-21,V
2024-06-22,S
2024-06-23,D
2024-06-24,L
2024-06-25,M
2024-06-26,X
2024-06-27,J
2024-06-28,V
2024-06-29,S
2024-06-30,D
2024-07-01,L
2024-07-02,M
2024-07-03,X
2024-07-04,J
2024-07-05,V
2024-07-06,S
2024-07-07,D
2024-07-08,L
2024-07-09,M
2024-07-10,X
2024-07-11,J
2024-07-12,V
2024-07-13,S
2024-07-14,D
2024-07-15,L
2024-07-16,M
2024-07-17,X
2024-07-18,J
2024-07-19,V
2024-07-20,S
2024-07-21,D
2024-07-22,L
2024-07-23,M
2024-07-24,X
2024-07-25,FR
2024-07-26,V
2024-07-27,S
2024-07-28,FR
2024-07-29,L
2024-07-30,M
2024-07-31,X
2024-08-01,J
2024-08-02,V
2024-08-03,S
2024-08-04,D
2024-08-05,L
2024-08-06,M
2024-08-07,X
2024-08-08,J
2024-08-09,V
2024-08-10,S
2024-08-11,D
2024-08-12,L
2024-08-13,M
2024-08-14,X
2024-08-15,F
2024-08-16,V
2024-08-17,S
2024-08-18,D
2024-08-19,L
2024-08-20,M
2024-08-21,X
2024-08-22,J
2024-08-23,V
2024-08-24,S
2024-08-25,D
2024-08-26,L
2024-08-27,M
2024-08-28,X
2024-08-29,J
2024-08-30,V
2024-08-31,S
2024-09-01,D
2024-09-02,L
2024-09-03,M
2024-09-04,X
2024-09-05,J
2024-09-06,V
2024-09-07,S
2024-09-08,FR
2024-09-09,L
2024-09-10,M
2024-09-11,FR
2024-09-12,J
2024-09-13,V
2024-09-14,S
2024-09-15,D
2024-09-16,L
2024-09-17,M
2024-09-18,X
2024-09-19,J
2024-09-20,V
2024-09-21,S
2024-09-22,D
2024-09-23,L
2024-09-24,M
2024-09-25,X
2024-09-26,J
2024-09-27,V
2024-09-28,S
2024-09-29,D
2024-09-30,L
2024-10-01,M
2024-10-02,X
2024-10-03,J
2024-10-04,V
2024-10-05,S
2024-10-06,D
2024-10-07,L
2024-10-08,M
2024-10-09,FR
2024-10-10,J
2024-10-11,V
2024-10-12,F
2024-10-13,D
2024-10-14,L
2024-10-15,M
2024-10-16,X
2024-10-17,J
2024-10-18,V
2024-10-19,S
2024-10-20,D
2024-10-21,L
2024-10-22,M
2024-10-23,X
2024-10-24,J
2024-10-25,FR
2024-10-26,S
2024-10-27,D
2024-10-28,L
2024-10-29,M
2024-10-30,X
2024-10-31,J
2024-11-01,F
2024-11-02,S
2024-11-03,D
2024-11-04,L
2024-11-05,M
2024-11-06,X
2024-11-07,J
2024-11-08,V
2024-11-09,S
2024-11-10,D
2024-11-11,L
2024-11-12,M
2024-11-13,X
2024-11-14,J
2024-11-15,V
2024-11-16,S
2024-11-17,D
2024-11-18,L
2024-11-19,M
2024-11-20,X
2024-11-21,J
2024-11-22,V
2024-11-23,S
2024-11-24,D
2024-11-25,L
2024-11-26,M
2024-11-27,X
2024-11-28,J
2024-11-29,V
2024-11-30,S
2024-12-01,D
2024-12-02,L
2024-12-03,FR
2024-12-04,X
2024-12-05,J
2024-12-06,F
2024-12-07,S
2024-12-08,F
2024-12-09,L
2024-12-10,M
2024-12-11,X
2024-12-12,J
2024-12-13,V
2024-12-14,S
2024-12-15,D
2024-12-16,L
2024-12-17,M
2024-12-18,X
2024-12-19,J
2024-12-20,V
2024-12-21,S
2024-12-22,D
2024-12-23,L
2024-12-24,M
2024-12-25,F
2024-12-26,J
2024-12-27,V
2024-12-28,S
2024-12-29,D
2024-12-30,L
2024-12-31,M
2025-01-01,F
2025-01-02,J
2025-01-03,V
2025-01-04,S
2025-01-05,D
2025-01-06,F
2025-01-07,M
2025-01-08,X
2025-01-09,J
2025-01-10,V
2025-01-11,S
2025-01-12,D
2025-01-13,L
2025-01-14,M
2025-01-15,X
2025-01-16,J
2025-01-17,V
2025-01-18,S
2025-01-19,D
2025-01-20,L
2025-01-21,M
2025-01-22,X
2025-01-23,J
2025-01-24,V
2025-01-25,S
2025-01-26,D
2025-01-27,L
2025-01-28,M
2025-01-29,X
2025-01-30,J
2025-01-31,V
2025-02-01,S
2025-02-02,D
2025-02-03,L
2025-02-04,M
2025-02-05,X
2025-02-06,J
2025-02-07,V
2025-02-08,S
2025-02-09,D
2025-02-10,L
2025-02-11,M
2025-02-12,X
2025-02-13,J
2025-02-14,V
2025-02-15,S
2025-02-16,D
2025-02-17,L
2025-02-18,M
2025-02-19,X
2025-02-20,J
2025-02-21,V
2025-02-22,S
2025-02-23,D
2025-02-24,L
2025-02-25,M
2025-02-26,X
2025-02-27,J
2025-02-28,FR
2025-03-01,S
2025-03-02,D
2025-03-03,L
2025-03-04,M
2025-03-05,X
2025-03-06,J
2025-03-07,V
2025-03-08,S
2025-03-09,D
2025-03-10,L
2025-03-11,M
2025-03-12,X
2025-03-13,J
2025-03-14,V
2025-03-15,S
2025-03-16,D
2025-03-17,L
2025-03-18,M
2025-03-19,FR
2025-03-20,J
2025-03-21,V
2025-03-22,S
2025-03-23,D
2025-03-24,L
2025-03-25,M
2025-03-26,X
2025-03-27,J
2025-03-28,V
2025-03-29,S
2025-03-30,D
2025-03-31,L
2025-04-01,M
2025-04-02,X
2025-04-03,J
2025-04-04,V
2025-04-05,S
2025-04-06,D
2025-04-07,L
2025-04-08,M
2025-04-09,X
2025-04-10,J
2025-04-11,V
2025-04-12,S
2025-04-13,D
2025-04-14,L
2025-04-15,M
2025-04-16,X
2025-04-17,J
2025-04-18,F
2025-04-19,F
2025-04-20,D
2025-04-21,L
2025-04-22,M
2025-04-23,FR
2025-04-24,J
2025-04-25,V
2025-04-26,S
2025-04-27,D
2025-04-28,L
2025-04-29,M
2025-04-30,X
2025-05-01,F
2025-05-02,FR
2025-05-03,S
2025-05-04,D
2025-05-05,L
2025-05-06,M
2025-05-07,X
2025-05-08,J
2025-05-09,V
2025-05-10,S
2025-05-11,D
2025-05-12,L
2025-05-13,M
2025-05-14,X
2025-05-15,J
2025-05-16,V
2025-05-17,S
2025-05-18,D
2025-05-19,L
2025-05-20,M
2025-05-21,X
2025-05-22,J
2025-05-23,V
2025-05-24,S
2025-05-25,D
2025-05-26,L
2025-05-27,M
2025-05-28,X
2025-05-29,J
2025-05-30,V
2025-05-31,FR
2025-06-01,D
2025-06-02,L
2025-06-03,M
2025-06-04,X
2025-06-05,J
2025-06-06,V
2025-06-07,S
2025-06-08,D
2025-06-09,FR
2025-06-10,M
2025-06-11,X
2025-06-12,J
2025-06-13,V
2025-06-14,S
2025-06-15,D
2025-06-16,L
2025-06-17,M
2025-06-18,X
2025-06-19,J
2025-06-20,V
2025-06-21,S
2025-06-22,D
2025-06-23,L
2025-06-24,M
2025-06-25,X
2025-06-26,J
2025-06-27,V
2025-06-28,S
2025-06-29,D
2025-06-30,L
2025-07-01,M
2025-07-02,X
2025-07-03,J
2025-07-04,V
2025-07-05,S
2025-07-06,D
2025-07-07,L
2025-07-08,M
2025-07-09,X
2025-07-10,J
2025-07-11,V
2025-07-12,S
2025-07-13,D
2025-07-14,L
2025-07-15,M
2025-07-16,X
2025-07-17,J
2025-07-18,V
2025-07-19,S
2025-07-20,D
2025-07-21,L
2025-07-22,M
2025-07-23,X
2025-07-24,J
2025-07-25,FR
2025-07-26,S
2025-07-27,D
2025-07-28,FR
2025-07-29,M
2025-07-30,X
2025-07-31,J
2025-08-01,V
2025-08-02,S
2025-08-03,D
2025-08-04,L
2025-08-05,M
2025-08-06,X
2025-08-07,J
2025-08-08,V
2025-08-09,S
2025-08-10,D
2025-08-11,L
2025-08-12,M
2025-08-13,X
2025-08-14,J
2025-08-15,F
2025-08-16,S
2025-08-17,D
2025-08-18,L
2025-08-19,M
2025-08-20,X
2025-08-21,J
2025-08-22,V
2025-08-23,S
2025-08-24,D
2025-08-25,L
